Path,,Data Rate (Hz),,,Data Rate scaled (Hz),,,Steam Rate (Hz),,,Data - Steam (Hz),,,(Data - Steam)/Steam
HLT_DiPFJetAve220_HFJEC,1.420000,+/-,0.024443,1.538634,+/-,0.026485,0.000000,+/-,0.000000,1.538634,+/-,0.026485,999.000000,+/-,0.000000
HLT_Diphoton30_18_R9Id_OR_IsoCaloId_AND_HE_R9Id_Mass95,3.300000,+/-,0.037253,3.575699,+/-,0.040365,0.000000,+/-,0.000000,3.575699,+/-,0.040365,999.000000,+/-,0.000000
HLT_QuadPFJet_SingleBTagCSV_VBF_Mqq460,1.610000,+/-,0.026042,1.744508,+/-,0.028218,0.000000,+/-,0.000000,1.744508,+/-,0.028218,999.000000,+/-,0.000000
HLT_Ele23_WPLoose_Gsf,80.490000,+/-,0.183995,87.214540,+/-,0.199366,0.000000,+/-,0.000000,87.214540,+/-,0.199366,999.000000,+/-,0.000000
AlCa_EcalEtaEEonly,949.390000,+/-,0.631898,1028.706826,+/-,0.684690,0.000000,+/-,0.000000,1028.706826,+/-,0.684690,999.000000,+/-,0.000000
HLT_Photon36_R9Id90_HE10_Iso40_EBOnly_VBF,3.290000,+/-,0.037214,3.564863,+/-,0.040323,0.000000,+/-,0.000000,3.564863,+/-,0.040323,999.000000,+/-,0.000000
HLT_Mu20_Mu10_DZ,0.540000,+/-,0.015047,0.585114,+/-,0.016304,0.000000,+/-,0.000000,0.585114,+/-,0.016304,999.000000,+/-,0.000000
AlCa_RPCMuonNoTriggers,687.400000,+/-,0.537687,744.828861,+/-,0.582608,0.000000,+/-,0.000000,744.828861,+/-,0.582608,999.000000,+/-,0.000000
HLT_IsoMu24_eta2p1_TriCentralPFJet50_40_30,0.320000,+/-,0.011631,0.346734,+/-,0.012602,0.000000,+/-,0.000000,0.346734,+/-,0.012602,999.000000,+/-,0.000000
HLT_HT250_DisplacedDijet40_DisplacedTrack,0.840000,+/-,0.018816,0.910178,+/-,0.020388,0.000000,+/-,0.000000,0.910178,+/-,0.020388,999.000000,+/-,0.000000
HLT_Mu55,3.590000,+/-,0.038866,3.889927,+/-,0.042113,0.000000,+/-,0.000000,3.889927,+/-,0.042113,999.000000,+/-,0.000000
HLT_Mu50,5.340000,+/-,0.047398,5.786131,+/-,0.051358,0.000000,+/-,0.000000,5.786131,+/-,0.051358,999.000000,+/-,0.000000
HLT_Mu17_TrkIsoVVL_TkMu8_TrkIsoVVL,0.250000,+/-,0.010198,0.270886,+/-,0.011050,0.000000,+/-,0.000000,0.270886,+/-,0.011050,999.000000,+/-,0.000000
HLT_PixelTracks_Multiplicity110ForEndOfFill,0.000000,+/-,0.000000,0.000000,+/-,0.000000,0.000000,+/-,0.000000,0.000000,+/-,0.000000,999.000000,+/-,0.000000
AlCa_RPCMuonNormalisation,484.390000,+/-,0.451358,524.858382,+/-,0.489067,0.000000,+/-,0.000000,524.858382,+/-,0.489067,999.000000,+/-,0.000000
HLT_DiPFJetAve200,1.820000,+/-,0.027652,1.972052,+/-,0.029962,0.000000,+/-,0.000000,1.972052,+/-,0.029962,999.000000,+/-,0.000000
HLT_Mu17_TrkIsoVVL_Ele12_CaloIdL_TrackIdL_IsoVL,1.050000,+/-,0.020966,1.137722,+/-,0.022718,0.000000,+/-,0.000000,1.137722,+/-,0.022718,999.000000,+/-,0.000000
HLT_Ele27_WPLoose_Gsf_TriCentralPFJet50_40_30,1.100000,+/-,0.021552,1.191900,+/-,0.023353,0.000000,+/-,0.000000,1.191900,+/-,0.023353,999.000000,+/-,0.000000
HLT_Dimuon13_Upsilon,2.060000,+/-,0.029411,2.232103,+/-,0.031868,0.000000,+/-,0.000000,2.232103,+/-,0.031868,999.000000,+/-,0.000000
HLT_AK4CaloJet80,0.000000,+/-,0.000000,0.000000,+/-,0.000000,0.000000,+/-,0.000000,0.000000,+/-,0.000000,999.000000,+/-,0.000000
HLT_IsoMu20,28.290000,+/-,0.109073,30.653489,+/-,0.118186,0.000000,+/-,0.000000,30.653489,+/-,0.118186,999.000000,+/-,0.000000
HLT_IsoMu22,23.750000,+/-,0.099937,25.734195,+/-,0.108287,0.000000,+/-,0.000000,25.734195,+/-,0.108287,999.000000,+/-,0.000000
HLT_Ele27_eta2p1_WPLoose_Gsf_DoubleMediumIsoPFTau35_Trk1_eta2p1_Reg,0.530000,+/-,0.014997,0.574279,+/-,0.016250,0.000000,+/-,0.000000,0.574279,+/-,0.016250,999.000000,+/-,0.000000
HLT_IsoMu27,17.580000,+/-,0.085995,19.048722,+/-,0.093179,0.000000,+/-,0.000000,19.048722,+/-,0.093179,999.000000,+/-,0.000000
HLT_HIL2Mu3BPTX,0.000000,+/-,0.000000,0.000000,+/-,0.000000,0.000000,+/-,0.000000,0.000000,+/-,0.000000,999.000000,+/-,0.000000
HLT_IsoTkMu27,17.210000,+/-,0.085081,18.647810,+/-,0.092189,0.000000,+/-,0.000000,18.647810,+/-,0.092189,999.000000,+/-,0.000000
HLTriggerFinalPath (2011042),0.000000,+/-,0.000000,0.000000,+/-,0.000000,0.000000,+/-,0.000000,0.000000,+/-,0.000000,999.000000,+/-,0.000000
HLT_Ele27_eta2p1_WPLoose_Gsf_DoubleMediumIsoPFTau40_Trk1_eta2p1_Reg,0.500000,+/-,0.014452,0.541773,+/-,0.015659,0.000000,+/-,0.000000,0.541773,+/-,0.015659,999.000000,+/-,0.000000
HLT_Mu7p5_L2Mu2_Jpsi,0.550000,+/-,0.015202,0.595950,+/-,0.016472,0.000000,+/-,0.000000,0.595950,+/-,0.016472,999.000000,+/-,0.000000
HLT_ECALHT800,0.080000,+/-,0.005714,0.086684,+/-,0.006192,0.000000,+/-,0.000000,0.086684,+/-,0.006192,999.000000,+/-,0.000000
HLT_MET200_JetIdCleaned,1.290000,+/-,0.023305,1.397773,+/-,0.025252,0.000000,+/-,0.000000,1.397773,+/-,0.025252,999.000000,+/-,0.000000
HLT_Ele12_CaloIdL_TrackIdL_IsoVL_PFJet30,2.250000,+/-,0.030730,2.437976,+/-,0.033297,0.000000,+/-,0.000000,2.437976,+/-,0.033297,999.000000,+/-,0.000000
HLT_IsoMu17_eta2p1,1.150000,+/-,0.021986,1.246077,+/-,0.023822,0.000000,+/-,0.000000,1.246077,+/-,0.023822,999.000000,+/-,0.000000
HLT_Ele17_Ele12_CaloIdL_TrackIdL_IsoVL,2.740000,+/-,0.033975,2.968913,+/-,0.036814,0.000000,+/-,0.000000,2.968913,+/-,0.036814,999.000000,+/-,0.000000
HLT_IsoMu17_eta2p1_MediumIsoPFTau40_Trk1_eta2p1_Reg,0.170000,+/-,0.008543,0.184203,+/-,0.009257,0.000000,+/-,0.000000,0.184203,+/-,0.009257,999.000000,+/-,0.000000
HLT_Photon75_R9Id90_HE10_IsoM,1.950000,+/-,0.028633,2.112913,+/-,0.031025,0.000000,+/-,0.000000,2.112913,+/-,0.031025,999.000000,+/-,0.000000
HLT_IsoMu17_eta2p1_MediumIsoPFTau35_Trk1_eta2p1_Reg,0.190000,+/-,0.008898,0.205874,+/-,0.009641,0.000000,+/-,0.000000,0.205874,+/-,0.009641,999.000000,+/-,0.000000
HLT_PFHT450_SixJet40_PFBTagCSV0p72,1.370000,+/-,0.024031,1.484457,+/-,0.026039,0.000000,+/-,0.000000,1.484457,+/-,0.026039,999.000000,+/-,0.000000
HLT_AK8PFHT600_TrimR0p1PT0p03Mass50_BTagCSV0p45,5.120000,+/-,0.046394,5.547751,+/-,0.050270,0.000000,+/-,0.000000,5.547751,+/-,0.050270,999.000000,+/-,0.000000
HLT_Mu27_TkMu8,4.020000,+/-,0.041125,4.355851,+/-,0.044561,0.000000,+/-,0.000000,4.355851,+/-,0.044561,999.000000,+/-,0.000000
HLT_HT450to470,12.240000,+/-,0.071741,13.262591,+/-,0.077735,0.000000,+/-,0.000000,13.262591,+/-,0.077735,999.000000,+/-,0.000000
HLT_Mu8_TrkIsoVVL_Ele17_CaloIdL_TrackIdL_IsoVL,3.130000,+/-,0.036261,3.391496,+/-,0.039290,0.000000,+/-,0.000000,3.391496,+/-,0.039290,999.000000,+/-,0.000000
HLT_DoubleJet90_Double30_TripleBTagCSV0p67,1.210000,+/-,0.022520,1.311089,+/-,0.024401,0.000000,+/-,0.000000,1.311089,+/-,0.024401,999.000000,+/-,0.000000
HLT_DoubleJetsC112_DoubleBTagCSV0p85_DoublePFJetsC172,0.740000,+/-,0.017679,0.801823,+/-,0.019156,0.000000,+/-,0.000000,0.801823,+/-,0.019156,999.000000,+/-,0.000000
HLT_DoubleMu4_PsiPrimeTrk_Displaced,0.570000,+/-,0.015502,0.617621,+/-,0.016797,0.000000,+/-,0.000000,0.617621,+/-,0.016797,999.000000,+/-,0.000000
HLT_HT2500,0.010000,+/-,0.002000,0.010835,+/-,0.002167,0.000000,+/-,0.000000,0.010835,+/-,0.002167,999.000000,+/-,0.000000
HLT_AK4CaloJet30,0.000000,+/-,0.000000,0.000000,+/-,0.000000,0.000000,+/-,0.000000,0.000000,+/-,0.000000,999.000000,+/-,0.000000
HLT_PFMET120_JetIdCleaned_BTagCSV0p72,0.300000,+/-,0.011275,0.325064,+/-,0.012217,0.000000,+/-,0.000000,0.325064,+/-,0.012217,999.000000,+/-,0.000000
HLT_Ele16_Ele12_Ele8_CaloIdL_TrackIdL,0.280000,+/-,0.010809,0.303393,+/-,0.011712,0.000000,+/-,0.000000,0.303393,+/-,0.011712,999.000000,+/-,0.000000
HLT_Photon26_R9Id85_OR_CaloId24b40e_Iso50T80L_Photon16_AND_HE10_R9Id65_Eta2_Mass60,0.210000,+/-,0.009506,0.227544,+/-,0.010300,0.000000,+/-,0.000000,0.227544,+/-,0.010300,999.000000,+/-,0.000000
HLT_Diphoton30EB_18EB_R9Id_OR_IsoCaloId_AND_HE_R9Id_DoublePixelVeto_Mass55,3.200000,+/-,0.036675,3.467344,+/-,0.039739,0.000000,+/-,0.000000,3.467344,+/-,0.039739,999.000000,+/-,0.000000
HLT_HT500to550,16.160000,+/-,0.082434,17.510088,+/-,0.089321,0.000000,+/-,0.000000,17.510088,+/-,0.089321,999.000000,+/-,0.000000
HLT_Dimuon10_Jpsi_Barrel,13.440000,+/-,0.075198,14.562845,+/-,0.081480,0.000000,+/-,0.000000,14.562845,+/-,0.081480,999.000000,+/-,0.000000
HLT_Mu17_Mu8_DZ,0.430000,+/-,0.013497,0.465924,+/-,0.014625,0.000000,+/-,0.000000,0.465924,+/-,0.014625,999.000000,+/-,0.000000
HLT_PFJet260,4.190000,+/-,0.041965,4.540054,+/-,0.045471,0.000000,+/-,0.000000,4.540054,+/-,0.045471,999.000000,+/-,0.000000
HLT_Dimuon0_Phi_Barrel,4.400000,+/-,0.043042,4.767598,+/-,0.046638,0.000000,+/-,0.000000,4.767598,+/-,0.046638,999.000000,+/-,0.000000
HLT_L2Mu10_NoVertex_NoBPTX3BX_NoHalo,2.400000,+/-,0.031780,2.600508,+/-,0.034436,0.000000,+/-,0.000000,2.600508,+/-,0.034436,999.000000,+/-,0.000000
HLT_L1Tech_DT_GlobalOR,0.000000,+/-,0.000000,0.000000,+/-,0.000000,0.000000,+/-,0.000000,0.000000,+/-,0.000000,999.000000,+/-,0.000000
HLT_DoubleEle8_CaloIdM_TrackIdM_Mass8_PFHT300,0.460000,+/-,0.013965,0.498431,+/-,0.015132,0.000000,+/-,0.000000,0.498431,+/-,0.015132,999.000000,+/-,0.000000
HLT_L1_TripleJet_VBF,4.710000,+/-,0.044485,5.103497,+/-,0.048202,0.000000,+/-,0.000000,5.103497,+/-,0.048202,999.000000,+/-,0.000000
HLT_PFHT400_DiPFJetAve90_PFAlphaT0p51,1.050000,+/-,0.021055,1.137722,+/-,0.022814,0.000000,+/-,0.000000,1.137722,+/-,0.022814,999.000000,+/-,0.000000
HLT_PFMET170_HBHECleaned,5.000000,+/-,0.045856,5.417725,+/-,0.049687,0.000000,+/-,0.000000,5.417725,+/-,0.049687,999.000000,+/-,0.000000
HLT_PFHT200_DiPFJetAve90_PFAlphaT0p63,2.110000,+/-,0.029786,2.286280,+/-,0.032275,0.000000,+/-,0.000000,2.286280,+/-,0.032275,999.000000,+/-,0.000000
HLT_Dimuon16_Jpsi,5.800000,+/-,0.049382,6.284561,+/-,0.053507,0.000000,+/-,0.000000,6.284561,+/-,0.053507,999.000000,+/-,0.000000
HLT_DoubleMu4_LowMassNonResonantTrk_Displaced,9.450000,+/-,0.063034,10.239501,+/-,0.068300,0.000000,+/-,0.000000,10.239501,+/-,0.068300,999.000000,+/-,0.000000
HLT_VBF_DisplacedJet40_Hadronic,1.730000,+/-,0.026998,1.874533,+/-,0.029254,0.000000,+/-,0.000000,1.874533,+/-,0.029254,999.000000,+/-,0.000000
HLT_DoubleEle33_CaloIdL_GsfTrkIdVL,2.250000,+/-,0.030787,2.437976,+/-,0.033359,0.000000,+/-,0.000000,2.437976,+/-,0.033359,999.000000,+/-,0.000000
HLT_DoubleMu33NoFiltersNoVtx,0.880000,+/-,0.019217,0.953520,+/-,0.020822,0.000000,+/-,0.000000,0.953520,+/-,0.020822,999.000000,+/-,0.000000
HLT_HT750_DisplacedDijet80_Inclusive,0.030000,+/-,0.003721,0.032506,+/-,0.004032,0.000000,+/-,0.000000,0.032506,+/-,0.004032,999.000000,+/-,0.000000
HLT_Mu17,25.050000,+/-,0.102643,27.142803,+/-,0.111219,0.000000,+/-,0.000000,27.142803,+/-,0.111219,999.000000,+/-,0.000000
HLT_Ele22_eta2p1_WPLoose_Gsf,43.910000,+/-,0.135889,47.578463,+/-,0.147242,0.000000,+/-,0.000000,47.578463,+/-,0.147242,999.000000,+/-,0.000000
HLT_Dimuon0_Jpsi_Muon,1.560000,+/-,0.025574,1.690330,+/-,0.027710,0.000000,+/-,0.000000,1.690330,+/-,0.027710,999.000000,+/-,0.000000
HLT_PFMET120_JetIdCleaned_Mu5,0.230000,+/-,0.009843,0.249215,+/-,0.010665,0.000000,+/-,0.000000,0.249215,+/-,0.010665,999.000000,+/-,0.000000
HLT_PFHT350,1.170000,+/-,0.022154,1.267748,+/-,0.024005,0.000000,+/-,0.000000,1.267748,+/-,0.024005,999.000000,+/-,0.000000
HLT_Photon250_NoHE,1.140000,+/-,0.021883,1.235241,+/-,0.023711,0.000000,+/-,0.000000,1.235241,+/-,0.023711,999.000000,+/-,0.000000
DST_Physics,6177.840000,+/-,1.611920,6693.967894,+/-,1.746588,0.000000,+/-,0.000000,6693.967894,+/-,1.746588,999.000000,+/-,0.000000
HLT_L2DoubleMu38_NoVertex_2Cha_Angle2p5_Mass10,0.340000,+/-,0.011946,0.368405,+/-,0.012944,0.000000,+/-,0.000000,0.368405,+/-,0.012944,999.000000,+/-,0.000000
HLT_Photon600,0.010000,+/-,0.002774,0.010835,+/-,0.003005,0.000000,+/-,0.000000,0.010835,+/-,0.003005,999.000000,+/-,0.000000
HLT_Dimuon0_Upsilon_Muon,1.050000,+/-,0.021038,1.137722,+/-,0.022796,0.000000,+/-,0.000000,1.137722,+/-,0.022796,999.000000,+/-,0.000000
HLT_PFHT650_WideJetMJJ900DEtaJJ1p5,1.910000,+/-,0.028310,2.069571,+/-,0.030675,0.000000,+/-,0.000000,2.069571,+/-,0.030675,999.000000,+/-,0.000000
HLT_Physics_part3,241.710000,+/-,0.318838,261.903672,+/-,0.345475,0.000000,+/-,0.000000,261.903672,+/-,0.345475,999.000000,+/-,0.000000
HLT_Physics_part2,241.720000,+/-,0.318845,261.914507,+/-,0.345483,0.000000,+/-,0.000000,261.914507,+/-,0.345483,999.000000,+/-,0.000000
HLT_Physics_part1,241.710000,+/-,0.318839,261.903672,+/-,0.345476,0.000000,+/-,0.000000,261.903672,+/-,0.345476,999.000000,+/-,0.000000
HLT_Physics_part0,241.730000,+/-,0.318851,261.925343,+/-,0.345489,0.000000,+/-,0.000000,261.925343,+/-,0.345489,999.000000,+/-,0.000000
AlCa_EcalPi0EEonly,2732.950000,+/-,1.072114,2961.274419,+/-,1.161683,0.000000,+/-,0.000000,2961.274419,+/-,1.161683,999.000000,+/-,0.000000
HLT_HT650_DisplacedDijet80_Inclusive,0.060000,+/-,0.005183,0.065013,+/-,0.005616,0.000000,+/-,0.000000,0.065013,+/-,0.005616,999.000000,+/-,0.000000
HLT_PFJet200,0.970000,+/-,0.020217,1.051039,+/-,0.021906,0.000000,+/-,0.000000,1.051039,+/-,0.021906,999.000000,+/-,0.000000
HLT_DoubleMu4_3_Jpsi_Displaced,7.770000,+/-,0.057180,8.419145,+/-,0.061957,0.000000,+/-,0.000000,8.419145,+/-,0.061957,999.000000,+/-,0.000000
HLT_PFMET300_JetIdCleaned,0.320000,+/-,0.011600,0.346734,+/-,0.012569,0.000000,+/-,0.000000,0.346734,+/-,0.012569,999.000000,+/-,0.000000
HLT_VBF_DisplacedJet40_VVTightID_DisplacedTrack,0.000000,+/-,0.000000,0.000000,+/-,0.000000,0.000000,+/-,0.000000,0.000000,+/-,0.000000,999.000000,+/-,0.000000
HLT_Dimuon6_Jpsi_NoVertexing,0.890000,+/-,0.019348,0.964355,+/-,0.020964,0.000000,+/-,0.000000,0.964355,+/-,0.020964,999.000000,+/-,0.000000
HLT_Photon120,0.620000,+/-,0.016084,0.671798,+/-,0.017427,0.000000,+/-,0.000000,0.671798,+/-,0.017427,999.000000,+/-,0.000000
HLT_Rsq0p30,0.160000,+/-,0.008123,0.173367,+/-,0.008801,0.000000,+/-,0.000000,0.173367,+/-,0.008801,999.000000,+/-,0.000000
HLT_Mu42NoFiltersNoVtx_Photon42_CaloIdL,0.210000,+/-,0.009497,0.227544,+/-,0.010290,0.000000,+/-,0.000000,0.227544,+/-,0.010290,999.000000,+/-,0.000000
HLT_HT500_DisplacedDijet40_Inclusive,0.760000,+/-,0.017869,0.823494,+/-,0.019362,0.000000,+/-,0.000000,0.823494,+/-,0.019362,999.000000,+/-,0.000000
HLT_DoubleMu38NoFiltersNoVtx,0.540000,+/-,0.015111,0.585114,+/-,0.016374,0.000000,+/-,0.000000,0.585114,+/-,0.016374,999.000000,+/-,0.000000
HLT_Mu28NoFiltersNoVtx_DisplacedJet40_Loose,0.220000,+/-,0.009556,0.238380,+/-,0.010355,0.000000,+/-,0.000000,0.238380,+/-,0.010355,999.000000,+/-,0.000000
HLT_Activity_Ecal_SC7,0.630000,+/-,0.016327,0.682633,+/-,0.017691,0.000000,+/-,0.000000,0.682633,+/-,0.017691,999.000000,+/-,0.000000
HLT_MET90_IsoTrk50,0.140000,+/-,0.007730,0.151696,+/-,0.008376,0.000000,+/-,0.000000,0.151696,+/-,0.008376,999.000000,+/-,0.000000
HLT_PFJet80,4.620000,+/-,0.044072,5.005978,+/-,0.047754,0.000000,+/-,0.000000,5.005978,+/-,0.047754,999.000000,+/-,0.000000
HLT_Photon30_R9Id90_HE10_IsoM,0.530000,+/-,0.014985,0.574279,+/-,0.016237,0.000000,+/-,0.000000,0.574279,+/-,0.016237,999.000000,+/-,0.000000
HLT_DiPFJetAve100_HFJEC,0.520000,+/-,0.014845,0.563443,+/-,0.016085,0.000000,+/-,0.000000,0.563443,+/-,0.016085,999.000000,+/-,0.000000
HLT_Ele12_CaloIdM_TrackIdM_PFJet30,3.770000,+/-,0.039808,4.084965,+/-,0.043134,0.000000,+/-,0.000000,4.084965,+/-,0.043134,999.000000,+/-,0.000000
HLT_PFHT200_DiPFJetAve90_PFAlphaT0p57,4.830000,+/-,0.045060,5.233523,+/-,0.048824,0.000000,+/-,0.000000,5.233523,+/-,0.048824,999.000000,+/-,0.000000
HLT_Mu40_TkMu11,1.820000,+/-,0.027678,1.972052,+/-,0.029990,0.000000,+/-,0.000000,1.972052,+/-,0.029990,999.000000,+/-,0.000000
HLT_Photon120_R9Id90_HE10_Iso40_EBOnly_PFMET40,0.160000,+/-,0.008092,0.173367,+/-,0.008768,0.000000,+/-,0.000000,0.173367,+/-,0.008768,999.000000,+/-,0.000000
HLT_Diphoton30_18_Solid_R9Id_AND_IsoCaloId_AND_HE_R9Id_Mass55,2.810000,+/-,0.034363,3.044762,+/-,0.037234,0.000000,+/-,0.000000,3.044762,+/-,0.037234,999.000000,+/-,0.000000
HLT_PFHT750_4JetPt50,3.290000,+/-,0.037176,3.564863,+/-,0.040282,0.000000,+/-,0.000000,3.564863,+/-,0.040282,999.000000,+/-,0.000000
HLT_DoublePhoton85,0.240000,+/-,0.010151,0.260051,+/-,0.010999,0.000000,+/-,0.000000,0.260051,+/-,0.010999,999.000000,+/-,0.000000
HLT_Mu30_Ele30_CaloIdL_GsfTrkIdVL,0.490000,+/-,0.014289,0.530937,+/-,0.015482,0.000000,+/-,0.000000,0.530937,+/-,0.015482,999.000000,+/-,0.000000
HLT_AK8DiPFJet250_200_TrimMass30_BTagCSV0p45,8.670000,+/-,0.060396,9.394336,+/-,0.065442,0.000000,+/-,0.000000,9.394336,+/-,0.065442,999.000000,+/-,0.000000
HLT_Photon135_PFMET100_JetIdCleaned,0.930000,+/-,0.019752,1.007697,+/-,0.021402,0.000000,+/-,0.000000,1.007697,+/-,0.021402,999.000000,+/-,0.000000
HLT_Mu17_TkMu8_DZ,0.440000,+/-,0.013592,0.476760,+/-,0.014727,0.000000,+/-,0.000000,0.476760,+/-,0.014727,999.000000,+/-,0.000000
HLT_HT650,15.290000,+/-,0.080192,16.567404,+/-,0.086892,0.000000,+/-,0.000000,16.567404,+/-,0.086892,999.000000,+/-,0.000000
HLT_DoublePhoton60,1.060000,+/-,0.021162,1.148558,+/-,0.022930,0.000000,+/-,0.000000,1.148558,+/-,0.022930,999.000000,+/-,0.000000
HLT_Ele23_CaloIdM_TrackIdM_PFJet30,0.580000,+/-,0.015613,0.628456,+/-,0.016917,0.000000,+/-,0.000000,0.628456,+/-,0.016917,999.000000,+/-,0.000000
HLT_PixelTracks_Multiplicity135ForEndOfFill,0.000000,+/-,0.000000,0.000000,+/-,0.000000,0.000000,+/-,0.000000,0.000000,+/-,0.000000,999.000000,+/-,0.000000
HLT_Mu10_CentralPFJet30_BTagCSV0p54PF,1.020000,+/-,0.020687,1.105216,+/-,0.022416,0.000000,+/-,0.000000,1.105216,+/-,0.022416,999.000000,+/-,0.000000
HLT_VBF_DisplacedJet40_VVTightID_Hadronic,0.000000,+/-,0.000000,0.000000,+/-,0.000000,0.000000,+/-,0.000000,0.000000,+/-,0.000000,999.000000,+/-,0.000000
HLT_Mu3er_PFHT140_PFMET125_JetIdCleaned,0.190000,+/-,0.009058,0.205874,+/-,0.009815,0.000000,+/-,0.000000,0.205874,+/-,0.009815,999.000000,+/-,0.000000
HLT_Ele15_IsoVVVL_PFHT350_PFMET50,0.770000,+/-,0.018029,0.834330,+/-,0.019536,0.000000,+/-,0.000000,0.834330,+/-,0.019536,999.000000,+/-,0.000000
HLT_AK4PFJet80,0.000000,+/-,0.000000,0.000000,+/-,0.000000,0.000000,+/-,0.000000,0.000000,+/-,0.000000,999.000000,+/-,0.000000
HLT_Mu7p5_Track3p5_Upsilon,0.280000,+/-,0.010883,0.303393,+/-,0.011792,0.000000,+/-,0.000000,0.303393,+/-,0.011792,999.000000,+/-,0.000000
HLT_AK4PFJet100,0.000000,+/-,0.000000,0.000000,+/-,0.000000,0.000000,+/-,0.000000,0.000000,+/-,0.000000,999.000000,+/-,0.000000
HLT_MonoCentralPFJet80_PFMETNoMu90_JetIdCleaned_PFMHTNoMu90_IDTight,5.450000,+/-,0.047866,5.905320,+/-,0.051865,0.000000,+/-,0.000000,5.905320,+/-,0.051865,999.000000,+/-,0.000000
HLT_Diphoton30_18_R9Id_OR_IsoCaloId_AND_HE_R9Id_DoublePixelSeedMatch_Mass70,0.900000,+/-,0.019446,0.975191,+/-,0.021071,0.000000,+/-,0.000000,0.975191,+/-,0.021071,999.000000,+/-,0.000000
HLT_Ele27_eta2p1_WPLoose_Gsf,33.180000,+/-,0.118138,35.952024,+/-,0.128008,0.000000,+/-,0.000000,35.952024,+/-,0.128008,999.000000,+/-,0.000000
HLT_Mu8_DiEle12_CaloIdL_TrackIdL,0.230000,+/-,0.009925,0.249215,+/-,0.010754,0.000000,+/-,0.000000,0.249215,+/-,0.010754,999.000000,+/-,0.000000
HLT_Ele27_eta2p1_WPLoose_Gsf_LooseIsoPFTau20,3.730000,+/-,0.039625,4.041623,+/-,0.042935,0.000000,+/-,0.000000,4.041623,+/-,0.042935,999.000000,+/-,0.000000
HLT_Mu6_PFHT200_PFMET80_JetIdCleaned_BTagCSV0p72,0.500000,+/-,0.014470,0.541773,+/-,0.015679,0.000000,+/-,0.000000,0.541773,+/-,0.015679,999.000000,+/-,0.000000
HLT_DoubleMu4_JpsiTrk_Displaced,5.780000,+/-,0.049314,6.262890,+/-,0.053433,0.000000,+/-,0.000000,6.262890,+/-,0.053433,999.000000,+/-,0.000000
HLT_Mu7p5_Track7_Jpsi,0.630000,+/-,0.016250,0.682633,+/-,0.017608,0.000000,+/-,0.000000,0.682633,+/-,0.017608,999.000000,+/-,0.000000
HLT_QuadPFJet_SingleBTagCSV_VBF_Mqq500,0.820000,+/-,0.018536,0.888507,+/-,0.020085,0.000000,+/-,0.000000,0.888507,+/-,0.020085,999.000000,+/-,0.000000
HLT_PFHT250,0.360000,+/-,0.012341,0.390076,+/-,0.013372,0.000000,+/-,0.000000,0.390076,+/-,0.013372,999.000000,+/-,0.000000
HLT_Mu7p5_Track2_Jpsi,1.590000,+/-,0.025896,1.722837,+/-,0.028059,0.000000,+/-,0.000000,1.722837,+/-,0.028059,999.000000,+/-,0.000000
HLT_Ele15_IsoVVVL_PFHT350,4.860000,+/-,0.045190,5.266029,+/-,0.048966,0.000000,+/-,0.000000,5.266029,+/-,0.048966,999.000000,+/-,0.000000
HLT_PixelTracks_Multiplicity85ForEndOfFill,0.000000,+/-,0.000000,0.000000,+/-,0.000000,0.000000,+/-,0.000000,0.000000,+/-,0.000000,999.000000,+/-,0.000000
HLT_Ele15_IsoVVVL_PFHT600,0.670000,+/-,0.016755,0.725975,+/-,0.018155,0.000000,+/-,0.000000,0.725975,+/-,0.018155,999.000000,+/-,0.000000
HLT_Mu17_Photon30_CaloIdL_L1ISO,1.520000,+/-,0.025295,1.646988,+/-,0.027408,0.000000,+/-,0.000000,1.646988,+/-,0.027408,999.000000,+/-,0.000000
HLT_DoubleJet90_Double30_DoubleBTagCSV0p67,1.240000,+/-,0.022803,1.343596,+/-,0.024708,0.000000,+/-,0.000000,1.343596,+/-,0.024708,999.000000,+/-,0.000000
HLT_Mu17_TrkIsoVVL,15.210000,+/-,0.079974,16.480720,+/-,0.086655,0.000000,+/-,0.000000,16.480720,+/-,0.086655,999.000000,+/-,0.000000
HLT_IsoMu20_eta2p1_LooseIsoPFTau20,1.330000,+/-,0.023641,1.441115,+/-,0.025616,0.000000,+/-,0.000000,1.441115,+/-,0.025616,999.000000,+/-,0.000000
HLT_BTagMu_DiJet70_Mu5,21.910000,+/-,0.095984,23.740472,+/-,0.104003,0.000000,+/-,0.000000,23.740472,+/-,0.104003,999.000000,+/-,0.000000
HLT_HT275,0.450000,+/-,0.013744,0.487595,+/-,0.014892,0.000000,+/-,0.000000,0.487595,+/-,0.014892,999.000000,+/-,0.000000
HLT_IsoMu22_CentralPFJet30_BTagCSV07,1.180000,+/-,0.022280,1.278583,+/-,0.024141,0.000000,+/-,0.000000,1.278583,+/-,0.024141,999.000000,+/-,0.000000
HLT_HT470to500,14.350000,+/-,0.077677,15.548871,+/-,0.084166,0.000000,+/-,0.000000,15.548871,+/-,0.084166,999.000000,+/-,0.000000
HLT_HIL2DoubleMu0BPTX,0.000000,+/-,0.000000,0.000000,+/-,0.000000,0.000000,+/-,0.000000,0.000000,+/-,0.000000,999.000000,+/-,0.000000
HLT_HT575,0.380000,+/-,0.012723,0.411747,+/-,0.013786,0.000000,+/-,0.000000,0.411747,+/-,0.013786,999.000000,+/-,0.000000
HLT_Ele105_CaloIdVT_GsfTrkIdT,3.320000,+/-,0.037388,3.597370,+/-,0.040512,0.000000,+/-,0.000000,3.597370,+/-,0.040512,999.000000,+/-,0.000000
HLT_DiPFJetAve260,0.730000,+/-,0.017566,0.790988,+/-,0.019034,0.000000,+/-,0.000000,0.790988,+/-,0.019034,999.000000,+/-,0.000000
HLT_Photon50_R9Id90_HE10_Iso40_EBOnly_PFMET40,2.130000,+/-,0.029917,2.307951,+/-,0.032416,0.000000,+/-,0.000000,2.307951,+/-,0.032416,999.000000,+/-,0.000000
HLT_Dimuon8_Upsilon_Barrel,3.520000,+/-,0.038461,3.814079,+/-,0.041675,0.000000,+/-,0.000000,3.814079,+/-,0.041675,999.000000,+/-,0.000000
HLT_PFHT400,1.080000,+/-,0.021271,1.170229,+/-,0.023048,0.000000,+/-,0.000000,1.170229,+/-,0.023048,999.000000,+/-,0.000000
HLT_IsoMu17_eta2p1_LooseIsoPFTau20_SingleL1,1.650000,+/-,0.026310,1.787849,+/-,0.028508,0.000000,+/-,0.000000,1.787849,+/-,0.028508,999.000000,+/-,0.000000
HLT_Photon165_R9Id90_HE10_IsoM,0.360000,+/-,0.012319,0.390076,+/-,0.013348,0.000000,+/-,0.000000,0.390076,+/-,0.013348,999.000000,+/-,0.000000
HLT_Photon90_R9Id90_HE10_Iso40_EBOnly_PFMET40,0.390000,+/-,0.012741,0.422583,+/-,0.013805,0.000000,+/-,0.000000,0.422583,+/-,0.013805,999.000000,+/-,0.000000
HLT_JetE50_NoBPTX3BX_NoHalo,1.130000,+/-,0.021832,1.224406,+/-,0.023656,0.000000,+/-,0.000000,1.224406,+/-,0.023656,999.000000,+/-,0.000000
HLT_IsoMu16_eta2p1_MET30_JetIdCleaned,2.620000,+/-,0.033218,2.838888,+/-,0.035993,0.000000,+/-,0.000000,2.838888,+/-,0.035993,999.000000,+/-,0.000000
HLT_HT550_DisplacedDijet40_Inclusive,0.480000,+/-,0.014235,0.520102,+/-,0.015424,0.000000,+/-,0.000000,0.520102,+/-,0.015424,999.000000,+/-,0.000000
HLT_PFMET170,5.080000,+/-,0.046230,5.504409,+/-,0.050092,0.000000,+/-,0.000000,5.504409,+/-,0.050092,999.000000,+/-,0.000000
HLT_Mu38NoFiltersNoVtxDisplaced_DisplacedJet60_Tight,0.150000,+/-,0.008018,0.162532,+/-,0.008688,0.000000,+/-,0.000000,0.162532,+/-,0.008688,999.000000,+/-,0.000000
HLT_AK4PFJet30,0.000000,+/-,0.000000,0.000000,+/-,0.000000,0.000000,+/-,0.000000,0.000000,+/-,0.000000,999.000000,+/-,0.000000
HLT_Photon22,0.650000,+/-,0.016483,0.704304,+/-,0.017861,0.000000,+/-,0.000000,0.704304,+/-,0.017861,999.000000,+/-,0.000000
HLT_PFMET90_PFMHT90_IDTight,4.850000,+/-,0.045185,5.255193,+/-,0.048960,0.000000,+/-,0.000000,5.255193,+/-,0.048960,999.000000,+/-,0.000000
HLT_PFMET120_PFMHT120_IDTight,1.500000,+/-,0.025080,1.625318,+/-,0.027176,0.000000,+/-,0.000000,1.625318,+/-,0.027176,999.000000,+/-,0.000000
HLT_QuadPFJet_DoubleBTagCSV_VBF_Mqq200,5.620000,+/-,0.048622,6.089523,+/-,0.052684,0.000000,+/-,0.000000,6.089523,+/-,0.052684,999.000000,+/-,0.000000
HLT_MET60_IsoTrk35_Loose,0.040000,+/-,0.004364,0.043342,+/-,0.004729,0.000000,+/-,0.000000,0.043342,+/-,0.004729,999.000000,+/-,0.000000
HLT_Dimuon0er16_Jpsi_NoOS_NoVertexing,1.850000,+/-,0.027902,2.004558,+/-,0.030234,0.000000,+/-,0.000000,2.004558,+/-,0.030234,999.000000,+/-,0.000000
HLT_RsqMR270_Rsq0p09_MR200,0.960000,+/-,0.020052,1.040203,+/-,0.021728,0.000000,+/-,0.000000,1.040203,+/-,0.021728,999.000000,+/-,0.000000
HLT_DoubleMu23NoFiltersNoVtxDisplaced,0.070000,+/-,0.005483,0.075848,+/-,0.005941,0.000000,+/-,0.000000,0.075848,+/-,0.005941,999.000000,+/-,0.000000
HLT_Mu12_Photon25_CaloIdL_L1ISO,0.020000,+/-,0.002649,0.021671,+/-,0.002870,0.000000,+/-,0.000000,0.021671,+/-,0.002870,999.000000,+/-,0.000000
HLT_Ele115_CaloIdVT_GsfTrkIdT,2.410000,+/-,0.031815,2.611344,+/-,0.034473,0.000000,+/-,0.000000,2.611344,+/-,0.034473,999.000000,+/-,0.000000
HLT_DoubleMu8_Mass8_PFHT300,0.430000,+/-,0.013451,0.465924,+/-,0.014574,0.000000,+/-,0.000000,0.465924,+/-,0.014574,999.000000,+/-,0.000000
HLT_Mu7p5_Track3p5_Jpsi,1.400000,+/-,0.024297,1.516963,+/-,0.026327,0.000000,+/-,0.000000,1.516963,+/-,0.026327,999.000000,+/-,0.000000
AlCa_LumiPixels_Random,47.520000,+/-,0.141379,51.490060,+/-,0.153191,0.000000,+/-,0.000000,51.490060,+/-,0.153191,999.000000,+/-,0.000000
HLT_Mu28NoFiltersNoVtx_CentralCaloJet40,0.280000,+/-,0.010809,0.303393,+/-,0.011712,0.000000,+/-,0.000000,0.303393,+/-,0.011712,999.000000,+/-,0.000000
HLT_Mu8_TrkIsoVVL,0.630000,+/-,0.016321,0.682633,+/-,0.017685,0.000000,+/-,0.000000,0.682633,+/-,0.017685,999.000000,+/-,0.000000
HLT_HcalCalibration,6.560000,+/-,0.052522,7.108055,+/-,0.056910,0.000000,+/-,0.000000,7.108055,+/-,0.056910,999.000000,+/-,0.000000
HLT_Ele18_CaloIdM_TrackIdM_PFJet30,3.750000,+/-,0.039699,4.063294,+/-,0.043015,0.000000,+/-,0.000000,4.063294,+/-,0.043015,999.000000,+/-,0.000000
HLT_Mu38NoFiltersNoVtx_DisplacedJet60_Loose,0.890000,+/-,0.019375,0.964355,+/-,0.020994,0.000000,+/-,0.000000,0.964355,+/-,0.020994,999.000000,+/-,0.000000
HLT_VBF_DisplacedJet40_DisplacedTrack_2TrackIP2DSig5,0.620000,+/-,0.016132,0.671798,+/-,0.017480,0.000000,+/-,0.000000,0.671798,+/-,0.017480,999.000000,+/-,0.000000
HLT_Physics,10.050000,+/-,0.065026,10.889628,+/-,0.070458,0.000000,+/-,0.000000,10.889628,+/-,0.070458,999.000000,+/-,0.000000
HLT_Mu30_TkMu11,2.850000,+/-,0.034622,3.088103,+/-,0.037515,0.000000,+/-,0.000000,3.088103,+/-,0.037515,999.000000,+/-,0.000000
HLT_PFHT550_4Jet,1.040000,+/-,0.020951,1.126887,+/-,0.022702,0.000000,+/-,0.000000,1.126887,+/-,0.022702,999.000000,+/-,0.000000
HLT_Mu17_Mu8,0.560000,+/-,0.015390,0.606785,+/-,0.016676,0.000000,+/-,0.000000,0.606785,+/-,0.016676,999.000000,+/-,0.000000
HLT_DoubleMu28NoFiltersNoVtxDisplaced,0.030000,+/-,0.003665,0.032506,+/-,0.003971,0.000000,+/-,0.000000,0.032506,+/-,0.003971,999.000000,+/-,0.000000
HLT_CaloJet500_NoJetID,1.850000,+/-,0.027880,2.004558,+/-,0.030210,0.000000,+/-,0.000000,2.004558,+/-,0.030210,999.000000,+/-,0.000000
HLT_DiPFJetAve40,16.370000,+/-,0.082966,17.737632,+/-,0.089898,0.000000,+/-,0.000000,17.737632,+/-,0.089898,999.000000,+/-,0.000000
HLT_Photon90_CaloIdL_PFHT600,1.180000,+/-,0.022320,1.278583,+/-,0.024185,0.000000,+/-,0.000000,1.278583,+/-,0.024185,999.000000,+/-,0.000000
HLT_L2DoubleMu28_NoVertex_2Cha_Angle2p5_Mass10,0.710000,+/-,0.017230,0.769317,+/-,0.018670,0.000000,+/-,0.000000,0.769317,+/-,0.018670,999.000000,+/-,0.000000
HLT_GlobalRunHPDNoise,3.350000,+/-,0.037546,3.629876,+/-,0.040683,0.000000,+/-,0.000000,3.629876,+/-,0.040683,999.000000,+/-,0.000000
HLT_Ele27_WPLoose_Gsf_WHbbBoost,0.860000,+/-,0.019073,0.931849,+/-,0.020667,0.000000,+/-,0.000000,0.931849,+/-,0.020667,999.000000,+/-,0.000000
HLT_Photon50,0.580000,+/-,0.015664,0.628456,+/-,0.016973,0.000000,+/-,0.000000,0.628456,+/-,0.016973,999.000000,+/-,0.000000
HLT_HT350_DisplacedDijet40_DisplacedTrack,0.220000,+/-,0.009611,0.238380,+/-,0.010414,0.000000,+/-,0.000000,0.238380,+/-,0.010414,999.000000,+/-,0.000000
HLT_Mu28NoFiltersNoVtxDisplaced_Photon28_CaloIdL,0.360000,+/-,0.012226,0.390076,+/-,0.013248,0.000000,+/-,0.000000,0.390076,+/-,0.013248,999.000000,+/-,0.000000
HLT_PFMET110_PFMHT110_IDTight,2.090000,+/-,0.029643,2.264609,+/-,0.032120,0.000000,+/-,0.000000,2.264609,+/-,0.032120,999.000000,+/-,0.000000
HLT_AK4CaloJet50,0.000000,+/-,0.000000,0.000000,+/-,0.000000,0.000000,+/-,0.000000,0.000000,+/-,0.000000,999.000000,+/-,0.000000
HLT_Mu20_Mu10_SameSign_DZ,0.580000,+/-,0.015676,0.628456,+/-,0.016985,0.000000,+/-,0.000000,0.628456,+/-,0.016985,999.000000,+/-,0.000000
HLT_QuadJet45_DoubleBTagCSV0p67,1.080000,+/-,0.021358,1.170229,+/-,0.023142,0.000000,+/-,0.000000,1.170229,+/-,0.023142,999.000000,+/-,0.000000
HLT_Mu34_TrkIsoVVL,0.480000,+/-,0.014273,0.520102,+/-,0.015465,0.000000,+/-,0.000000,0.520102,+/-,0.015465,999.000000,+/-,0.000000
HLT_MET300,1.390000,+/-,0.024149,1.506128,+/-,0.026167,0.000000,+/-,0.000000,1.506128,+/-,0.026167,999.000000,+/-,0.000000
HLT_PFJet140,0.260000,+/-,0.010493,0.281722,+/-,0.011369,0.000000,+/-,0.000000,0.281722,+/-,0.011369,999.000000,+/-,0.000000
HLT_Photon165_HE10,2.310000,+/-,0.031148,2.502989,+/-,0.033750,0.000000,+/-,0.000000,2.502989,+/-,0.033750,999.000000,+/-,0.000000
HLT_PixelTracks_Multiplicity60ForEndOfFill,0.000000,+/-,0.000000,0.000000,+/-,0.000000,0.000000,+/-,0.000000,0.000000,+/-,0.000000,999.000000,+/-,0.000000
HLT_PixelTracks_Multiplicity160ForEndOfFill,0.000000,+/-,0.000000,0.000000,+/-,0.000000,0.000000,+/-,0.000000,0.000000,+/-,0.000000,999.000000,+/-,0.000000
HLT_DoubleMediumIsoPFTau40_Trk1_eta2p1_Reg,5.090000,+/-,0.046282,5.515244,+/-,0.050149,0.000000,+/-,0.000000,5.515244,+/-,0.050149,999.000000,+/-,0.000000
HLT_DiCentralPFJet55_PFMET110_JetIdCleaned,1.010000,+/-,0.020595,1.094380,+/-,0.022316,0.000000,+/-,0.000000,1.094380,+/-,0.022316,999.000000,+/-,0.000000
HLT_VBF_DisplacedJet40_DisplacedTrack,0.510000,+/-,0.014607,0.552608,+/-,0.015828,0.000000,+/-,0.000000,0.552608,+/-,0.015828,999.000000,+/-,0.000000
HLT_FullTrack50,0.000000,+/-,0.000000,0.000000,+/-,0.000000,0.000000,+/-,0.000000,0.000000,+/-,0.000000,999.000000,+/-,0.000000
HLT_Ele18_CaloIdL_TrackIdL_IsoVL_PFJet30,2.290000,+/-,0.031037,2.481318,+/-,0.033630,0.000000,+/-,0.000000,2.481318,+/-,0.033630,999.000000,+/-,0.000000
HLT_DoubleJetsC100_DoubleBTagCSV0p9_DoublePFJetsC100MaxDeta1p6,1.650000,+/-,0.026323,1.787849,+/-,0.028523,0.000000,+/-,0.000000,1.787849,+/-,0.028523,999.000000,+/-,0.000000
AlCa_RPCMuonNoHits,978.730000,+/-,0.641587,1060.498038,+/-,0.695189,0.000000,+/-,0.000000,1060.498038,+/-,0.695189,999.000000,+/-,0.000000
HLT_HISinglePhoton15ForEndOfFill,0.000000,+/-,0.000000,0.000000,+/-,0.000000,0.000000,+/-,0.000000,0.000000,+/-,0.000000,999.000000,+/-,0.000000
HLT_DoubleEle24_22_eta2p1_WPLoose_Gsf,0.710000,+/-,0.017291,0.769317,+/-,0.018736,0.000000,+/-,0.000000,0.769317,+/-,0.018736,999.000000,+/-,0.000000
HLT_Photon22_R9Id90_HE10_Iso40_EBOnly_VBF,1.070000,+/-,0.021222,1.159393,+/-,0.022996,0.000000,+/-,0.000000,1.159393,+/-,0.022996,999.000000,+/-,0.000000
HLT_HISinglePhoton10ForEndOfFill,0.000000,+/-,0.000000,0.000000,+/-,0.000000,0.000000,+/-,0.000000,0.000000,+/-,0.000000,999.000000,+/-,0.000000
HLT_DoubleMediumIsoPFTau35_Trk1_eta2p1_Reg,6.240000,+/-,0.051249,6.761321,+/-,0.055531,0.000000,+/-,0.000000,6.761321,+/-,0.055531,999.000000,+/-,0.000000
HLT_Mu33NoFiltersNoVtxDisplaced_DisplacedJet50_Tight,0.320000,+/-,0.011608,0.346734,+/-,0.012577,0.000000,+/-,0.000000,0.346734,+/-,0.012577,999.000000,+/-,0.000000
HLT_Dimuon8_PsiPrime_Barrel,1.960000,+/-,0.028678,2.123748,+/-,0.031074,0.000000,+/-,0.000000,2.123748,+/-,0.031074,999.000000,+/-,0.000000
HLT_Mu38NoFiltersNoVtxDisplaced_DisplacedJet60_Loose,0.370000,+/-,0.012480,0.400912,+/-,0.013522,0.000000,+/-,0.000000,0.400912,+/-,0.013522,999.000000,+/-,0.000000
HLT_AK4CaloJet100,0.000000,+/-,0.000000,0.000000,+/-,0.000000,0.000000,+/-,0.000000,0.000000,+/-,0.000000,999.000000,+/-,0.000000
HLT_Ele27_eta2p1_WPTight_Gsf,22.100000,+/-,0.096413,23.946345,+/-,0.104468,0.000000,+/-,0.000000,23.946345,+/-,0.104468,999.000000,+/-,0.000000
HLT_VBF_DisplacedJet40_Hadronic_2PromptTrack,2.780000,+/-,0.034204,3.012255,+/-,0.037061,0.000000,+/-,0.000000,3.012255,+/-,0.037061,999.000000,+/-,0.000000
HLT_HT400_DisplacedDijet40_Inclusive,2.190000,+/-,0.030379,2.372964,+/-,0.032917,0.000000,+/-,0.000000,2.372964,+/-,0.032917,999.000000,+/-,0.000000
HLT_IsoMu18_TriCentralPFJet50_40_30,0.410000,+/-,0.013137,0.444253,+/-,0.014235,0.000000,+/-,0.000000,0.444253,+/-,0.014235,999.000000,+/-,0.000000
HLT_Photon22_R9Id90_HE10_Iso40_EBOnly_PFMET40,0.920000,+/-,0.019695,0.996861,+/-,0.021341,0.000000,+/-,0.000000,0.996861,+/-,0.021341,999.000000,+/-,0.000000
HLT_Mu7p5_Track2_Upsilon,0.510000,+/-,0.014716,0.552608,+/-,0.015946,0.000000,+/-,0.000000,0.552608,+/-,0.015946,999.000000,+/-,0.000000
HLT_HISinglePhoton60,0.000000,+/-,0.000000,0.000000,+/-,0.000000,0.000000,+/-,0.000000,0.000000,+/-,0.000000,999.000000,+/-,0.000000
HLT_PFHT650_4Jet,0.790000,+/-,0.018269,0.856001,+/-,0.019795,0.000000,+/-,0.000000,0.856001,+/-,0.019795,999.000000,+/-,0.000000
HLT_Photon90_R9Id90_HE10_Iso40_EBOnly_VBF,0.300000,+/-,0.011323,0.325064,+/-,0.012269,0.000000,+/-,0.000000,0.325064,+/-,0.012269,999.000000,+/-,0.000000
HLT_IsoMu22_TriCentralPFJet50_40_30,0.360000,+/-,0.012377,0.390076,+/-,0.013411,0.000000,+/-,0.000000,0.390076,+/-,0.013411,999.000000,+/-,0.000000
HLT_Ele32_eta2p1_WPLoose_Gsf_TriCentralPFJet30,0.730000,+/-,0.017541,0.790988,+/-,0.019006,0.000000,+/-,0.000000,0.790988,+/-,0.019006,999.000000,+/-,0.000000
HLT_VBF_DisplacedJet40_TightID_Hadronic,1.080000,+/-,0.021267,1.170229,+/-,0.023043,0.000000,+/-,0.000000,1.170229,+/-,0.023043,999.000000,+/-,0.000000
HLT_Ele23_CaloIdL_TrackIdL_IsoVL_PFJet30,0.440000,+/-,0.013566,0.476760,+/-,0.014699,0.000000,+/-,0.000000,0.476760,+/-,0.014699,999.000000,+/-,0.000000
HLT_LooseIsoPFTau50_Trk30_eta2p1_MET80_JetIdCleaned,3.110000,+/-,0.036165,3.369825,+/-,0.039187,0.000000,+/-,0.000000,3.369825,+/-,0.039187,999.000000,+/-,0.000000
HLT_Ele23_Ele12_CaloIdL_TrackIdL_IsoVL_DZ,1.990000,+/-,0.028929,2.156255,+/-,0.031346,0.000000,+/-,0.000000,2.156255,+/-,0.031346,999.000000,+/-,0.000000
HLT_Mu8,0.640000,+/-,0.016464,0.693469,+/-,0.017840,0.000000,+/-,0.000000,0.693469,+/-,0.017840,999.000000,+/-,0.000000
HLT_VBF_DisplacedJet40_TightID_DisplacedTrack,0.410000,+/-,0.013057,0.444253,+/-,0.014148,0.000000,+/-,0.000000,0.444253,+/-,0.014148,999.000000,+/-,0.000000
HLT_Ele23_WPLoose_Gsf_CentralPFJet30_BTagCVS07,5.820000,+/-,0.049477,6.306232,+/-,0.053610,0.000000,+/-,0.000000,6.306232,+/-,0.053610,999.000000,+/-,0.000000
HLT_ZeroBias_part3,219.020000,+/-,0.303509,237.318035,+/-,0.328865,0.000000,+/-,0.000000,237.318035,+/-,0.328865,999.000000,+/-,0.000000
HLT_Mu15_IsoVVVL_PFHT350,1.830000,+/-,0.027734,1.982887,+/-,0.030051,0.000000,+/-,0.000000,1.982887,+/-,0.030051,999.000000,+/-,0.000000
HLT_Photon90_CaloIdL_PFHT500,2.330000,+/-,0.031313,2.524660,+/-,0.033929,0.000000,+/-,0.000000,2.524660,+/-,0.033929,999.000000,+/-,0.000000
HLT_PFMET100_PFMHT100_IDTight,2.920000,+/-,0.035018,3.163952,+/-,0.037944,0.000000,+/-,0.000000,3.163952,+/-,0.037944,999.000000,+/-,0.000000
HLT_DiPFJet40_DEta3p5_MJJ600_PFMETNoMu80_JetIdCleaned,1.810000,+/-,0.027557,1.961217,+/-,0.029860,0.000000,+/-,0.000000,1.961217,+/-,0.029860,999.000000,+/-,0.000000
HLT_DoubleMu4_3_Bs,2.790000,+/-,0.034260,3.023091,+/-,0.037122,0.000000,+/-,0.000000,3.023091,+/-,0.037122,999.000000,+/-,0.000000
HLT_Ele32_eta2p1_WPLoose_Gsf_CentralPFJet30_BTagCSV07,1.770000,+/-,0.027250,1.917875,+/-,0.029527,0.000000,+/-,0.000000,1.917875,+/-,0.029527,999.000000,+/-,0.000000
HLT_PFJet60,3.660000,+/-,0.039208,3.965775,+/-,0.042483,0.000000,+/-,0.000000,3.965775,+/-,0.042483,999.000000,+/-,0.000000
HLT_RsqMR270_Rsq0p09_MR200_4jet,0.180000,+/-,0.008752,0.195038,+/-,0.009483,0.000000,+/-,0.000000,0.195038,+/-,0.009483,999.000000,+/-,0.000000
HLT_Photon36_R9Id90_HE10_IsoM,0.570000,+/-,0.015439,0.617621,+/-,0.016729,0.000000,+/-,0.000000,0.617621,+/-,0.016729,999.000000,+/-,0.000000
HLT_Mu15_IsoVVVL_BTagCSV0p72_PFHT400,0.690000,+/-,0.017064,0.747646,+/-,0.018490,0.000000,+/-,0.000000,0.747646,+/-,0.018490,999.000000,+/-,0.000000
HLT_TrkMu15_DoubleTrkMu5NoFiltersNoVtx,0.170000,+/-,0.008458,0.184203,+/-,0.009164,0.000000,+/-,0.000000,0.184203,+/-,0.009164,999.000000,+/-,0.000000
HLT_Diphoton30PV_18PV_R9Id_AND_IsoCaloId_AND_HE_R9Id_DoublePixelVeto_Mass55,2.920000,+/-,0.035049,3.163952,+/-,0.037977,0.000000,+/-,0.000000,3.163952,+/-,0.037977,999.000000,+/-,0.000000
HLT_VBF_DisplacedJet40_VTightID_Hadronic,0.000000,+/-,0.000000,0.000000,+/-,0.000000,0.000000,+/-,0.000000,0.000000,+/-,0.000000,999.000000,+/-,0.000000
HLT_L2Mu40_NoVertex_3Sta_NoBPTX3BX_NoHalo,15.020000,+/-,0.079481,16.274847,+/-,0.086121,0.000000,+/-,0.000000,16.274847,+/-,0.086121,999.000000,+/-,0.000000
HLT_Ele32_eta2p1_WPTight_Gsf,13.730000,+/-,0.075992,14.877073,+/-,0.082341,0.000000,+/-,0.000000,14.877073,+/-,0.082341,999.000000,+/-,0.000000
HLT_PFHT450_SixJet40,2.640000,+/-,0.033301,2.860559,+/-,0.036083,0.000000,+/-,0.000000,2.860559,+/-,0.036083,999.000000,+/-,0.000000
HLT_Ele27_WPLoose_Gsf,53.710000,+/-,0.150296,58.197204,+/-,0.162852,0.000000,+/-,0.000000,58.197204,+/-,0.162852,999.000000,+/-,0.000000
HLT_Mu23NoFiltersNoVtx_Photon23_CaloIdL,0.420000,+/-,0.013315,0.455089,+/-,0.014427,0.000000,+/-,0.000000,0.455089,+/-,0.014427,999.000000,+/-,0.000000
HLT_LooseIsoPFTau50_Trk30_eta2p1,1.850000,+/-,0.027868,2.004558,+/-,0.030196,0.000000,+/-,0.000000,2.004558,+/-,0.030196,999.000000,+/-,0.000000
HLT_Mu17_TrkIsoVVL_TkMu8_TrkIsoVVL_DZ,3.120000,+/-,0.036228,3.380661,+/-,0.039254,0.000000,+/-,0.000000,3.380661,+/-,0.039254,999.000000,+/-,0.000000
HLT_PFJet40,0.630000,+/-,0.016316,0.682633,+/-,0.017679,0.000000,+/-,0.000000,0.682633,+/-,0.017679,999.000000,+/-,0.000000
HLT_CaloMHTNoPU90_PFMET90_PFMHT90_IDTight_BTagCSV0p72,0.770000,+/-,0.018005,0.834330,+/-,0.019509,0.000000,+/-,0.000000,0.834330,+/-,0.019509,999.000000,+/-,0.000000
HLT_Ele23_CaloIdL_TrackIdL_IsoVL,1.290000,+/-,0.023259,1.397773,+/-,0.025202,0.000000,+/-,0.000000,1.397773,+/-,0.025202,999.000000,+/-,0.000000
HLT_Photon300_NoHE,0.480000,+/-,0.014204,0.520102,+/-,0.015391,0.000000,+/-,0.000000,0.520102,+/-,0.015391,999.000000,+/-,0.000000
HLT_RsqMR240_Rsq0p09_MR200_4jet,0.500000,+/-,0.014446,0.541773,+/-,0.015653,0.000000,+/-,0.000000,0.541773,+/-,0.015653,999.000000,+/-,0.000000
HLT_Ele27_WPLoose_Gsf_CentralPFJet30_BTagCSV07,5.260000,+/-,0.047022,5.699447,+/-,0.050951,0.000000,+/-,0.000000,5.699447,+/-,0.050951,999.000000,+/-,0.000000
HLT_Ele33_CaloIdL_TrackIdL_IsoVL_PFJet30,0.380000,+/-,0.012695,0.411747,+/-,0.013756,0.000000,+/-,0.000000,0.411747,+/-,0.013756,999.000000,+/-,0.000000
HLT_Mu34,0.490000,+/-,0.014356,0.530937,+/-,0.015555,0.000000,+/-,0.000000,0.530937,+/-,0.015555,999.000000,+/-,0.000000
HLT_HT350_DisplacedDijet80_DisplacedTrack,0.070000,+/-,0.005337,0.075848,+/-,0.005783,0.000000,+/-,0.000000,0.075848,+/-,0.005783,999.000000,+/-,0.000000
HLT_Ele15_IsoVVVL_BTagCSV0p72_PFHT400,1.110000,+/-,0.021575,1.202735,+/-,0.023377,0.000000,+/-,0.000000,1.202735,+/-,0.023377,999.000000,+/-,0.000000
HLT_Photon175,2.110000,+/-,0.029798,2.286280,+/-,0.032288,0.000000,+/-,0.000000,2.286280,+/-,0.032288,999.000000,+/-,0.000000
HLT_HcalPhiSym,2.630000,+/-,0.033275,2.849723,+/-,0.036055,0.000000,+/-,0.000000,2.849723,+/-,0.036055,999.000000,+/-,0.000000
HLT_DiPFJetAve160_HFJEC,1.840000,+/-,0.027821,1.993723,+/-,0.030146,0.000000,+/-,0.000000,1.993723,+/-,0.030146,999.000000,+/-,0.000000
HLT_Mu15_IsoVVVL_PFHT350_PFMET50,0.440000,+/-,0.013677,0.476760,+/-,0.014819,0.000000,+/-,0.000000,0.476760,+/-,0.014819,999.000000,+/-,0.000000
HLT_PFHT350_PFMET100_JetIdCleaned,1.050000,+/-,0.020987,1.137722,+/-,0.022741,0.000000,+/-,0.000000,1.137722,+/-,0.022741,999.000000,+/-,0.000000
HLT_Ele32_eta2p1_WPLoose_Gsf,19.370000,+/-,0.090264,20.988267,+/-,0.097805,0.000000,+/-,0.000000,20.988267,+/-,0.097805,999.000000,+/-,0.000000
HLT_Photon36_R9Id90_HE10_Iso40_EBOnly_PFMET40,6.750000,+/-,0.053264,7.313929,+/-,0.057714,0.000000,+/-,0.000000,7.313929,+/-,0.057714,999.000000,+/-,0.000000
HLT_JetE30_NoBPTX3BX_NoHalo,0.080000,+/-,0.005866,0.086684,+/-,0.006356,0.000000,+/-,0.000000,0.086684,+/-,0.006356,999.000000,+/-,0.000000
HLT_DiPFJetAve400,2.170000,+/-,0.030183,2.351293,+/-,0.032704,0.000000,+/-,0.000000,2.351293,+/-,0.032704,999.000000,+/-,0.000000
HLT_VBF_DisplacedJet40_VTightID_DisplacedTrack,0.000000,+/-,0.000000,0.000000,+/-,0.000000,0.000000,+/-,0.000000,0.000000,+/-,0.000000,999.000000,+/-,0.000000
HLT_Mu300,0.020000,+/-,0.002604,0.021671,+/-,0.002821,0.000000,+/-,0.000000,0.021671,+/-,0.002821,999.000000,+/-,0.000000
HLT_BTagMu_Jet300_Mu5,0.820000,+/-,0.018608,0.888507,+/-,0.020162,0.000000,+/-,0.000000,0.888507,+/-,0.020162,999.000000,+/-,0.000000
HLT_Dimuon13_PsiPrime,1.070000,+/-,0.021214,1.159393,+/-,0.022986,0.000000,+/-,0.000000,1.159393,+/-,0.022986,999.000000,+/-,0.000000
HLT_QuadPFJet_VBF,0.390000,+/-,0.012775,0.422583,+/-,0.013842,0.000000,+/-,0.000000,0.422583,+/-,0.013842,999.000000,+/-,0.000000
HLT_JetE30_NoBPTX,0.110000,+/-,0.006957,0.119190,+/-,0.007538,0.000000,+/-,0.000000,0.119190,+/-,0.007538,999.000000,+/-,0.000000
HLT_QuadMuon0_Dimuon0_Upsilon,0.030000,+/-,0.003750,0.032506,+/-,0.004063,0.000000,+/-,0.000000,0.032506,+/-,0.004063,999.000000,+/-,0.000000
HLT_Ele27_eta2p1_WPLoose_Gsf_HT200,2.530000,+/-,0.032646,2.741369,+/-,0.035373,0.000000,+/-,0.000000,2.741369,+/-,0.035373,999.000000,+/-,0.000000
HLT_DiPFJetAve60_HFJEC,0.550000,+/-,0.015202,0.595950,+/-,0.016472,0.000000,+/-,0.000000,0.595950,+/-,0.016472,999.000000,+/-,0.000000
HLT_HT550to650,16.660000,+/-,0.083711,18.051860,+/-,0.090705,0.000000,+/-,0.000000,18.051860,+/-,0.090705,999.000000,+/-,0.000000
HLT_IsoMu24_eta2p1_CentralPFJet30_BTagCSV07,0.950000,+/-,0.019979,1.029368,+/-,0.021648,0.000000,+/-,0.000000,1.029368,+/-,0.021648,999.000000,+/-,0.000000
HLT_AK4PFJet50,0.000000,+/-,0.000000,0.000000,+/-,0.000000,0.000000,+/-,0.000000,0.000000,+/-,0.000000,999.000000,+/-,0.000000
HLT_L1SingleMuOpen,0.000000,+/-,0.000000,0.000000,+/-,0.000000,0.000000,+/-,0.000000,0.000000,+/-,0.000000,999.000000,+/-,0.000000
HLT_Ele10_CaloIdM_TrackIdM_CentralPFJet30_BTagCSV0p54PF,0.850000,+/-,0.018894,0.921013,+/-,0.020472,0.000000,+/-,0.000000,0.921013,+/-,0.020472,999.000000,+/-,0.000000
HLT_DoubleJetsC100_DoubleBTagCSV0p85_DoublePFJetsC160,0.940000,+/-,0.019897,1.018532,+/-,0.021559,0.000000,+/-,0.000000,1.018532,+/-,0.021559,999.000000,+/-,0.000000
HLT_Photon36,0.530000,+/-,0.014955,0.574279,+/-,0.016204,0.000000,+/-,0.000000,0.574279,+/-,0.016204,999.000000,+/-,0.000000
HLT_Mu12_Photon25_CaloIdL_L1OR,3.700000,+/-,0.039447,4.009117,+/-,0.042742,0.000000,+/-,0.000000,4.009117,+/-,0.042742,999.000000,+/-,0.000000
HLT_QuadJet45_TripleBTagCSV0p67,1.100000,+/-,0.021536,1.191900,+/-,0.023335,0.000000,+/-,0.000000,1.191900,+/-,0.023335,999.000000,+/-,0.000000
HLT_Photon120_R9Id90_HE10_Iso40_EBOnly_VBF,0.130000,+/-,0.007468,0.140861,+/-,0.008092,0.000000,+/-,0.000000,0.140861,+/-,0.008092,999.000000,+/-,0.000000
HLT_Ele45_CaloIdVT_GsfTrkIdT_PFJet200_PFJet50,1.080000,+/-,0.021354,1.170229,+/-,0.023138,0.000000,+/-,0.000000,1.170229,+/-,0.023138,999.000000,+/-,0.000000
HLT_AK8PFHT700_TrimR0p1PT0p03Mass50,4.040000,+/-,0.041216,4.377522,+/-,0.044659,0.000000,+/-,0.000000,4.377522,+/-,0.044659,999.000000,+/-,0.000000
HLT_Ele22_eta2p1_WPTight_Gsf,28.950000,+/-,0.110352,31.368629,+/-,0.119571,0.000000,+/-,0.000000,31.368629,+/-,0.119571,999.000000,+/-,0.000000
HLT_HT325,0.470000,+/-,0.014031,0.509266,+/-,0.015204,0.000000,+/-,0.000000,0.509266,+/-,0.015204,999.000000,+/-,0.000000
HLT_EcalCalibration,98.600000,+/-,0.203644,106.837541,+/-,0.220658,0.000000,+/-,0.000000,106.837541,+/-,0.220658,999.000000,+/-,0.000000
HLT_PFHT200,0.540000,+/-,0.015047,0.585114,+/-,0.016304,0.000000,+/-,0.000000,0.585114,+/-,0.016304,999.000000,+/-,0.000000
HLT_PFHT400_DiPFJetAve90_PFAlphaT0p52,0.520000,+/-,0.014791,0.563443,+/-,0.016027,0.000000,+/-,0.000000,0.563443,+/-,0.016027,999.000000,+/-,0.000000
HLT_AK4CaloJet40,0.000000,+/-,0.000000,0.000000,+/-,0.000000,0.000000,+/-,0.000000,0.000000,+/-,0.000000,999.000000,+/-,0.000000
HLT_PFHT650_WideJetMJJ950DEtaJJ1p5,1.470000,+/-,0.024858,1.592811,+/-,0.026935,0.000000,+/-,0.000000,1.592811,+/-,0.026935,999.000000,+/-,0.000000
HLT_Photon36_R9Id85_OR_CaloId24b40e_Iso50T80L_Photon22_AND_HE10_R9Id65_Eta2_Mass15,3.740000,+/-,0.039642,4.052458,+/-,0.042954,0.000000,+/-,0.000000,4.052458,+/-,0.042954,999.000000,+/-,0.000000
HLT_Mu15_IsoVVVL_PFHT600,0.270000,+/-,0.010698,0.292557,+/-,0.011592,0.000000,+/-,0.000000,0.292557,+/-,0.011592,999.000000,+/-,0.000000
HLT_Mu25_TkMu0_dEta18_Onia,0.850000,+/-,0.018866,0.921013,+/-,0.020442,0.000000,+/-,0.000000,0.921013,+/-,0.020442,999.000000,+/-,0.000000
HLT_L1SingleMuOpen_DT,0.000000,+/-,0.000000,0.000000,+/-,0.000000,0.000000,+/-,0.000000,0.000000,+/-,0.000000,999.000000,+/-,0.000000
HLT_RsqMR240_Rsq0p09_MR200,3.190000,+/-,0.036606,3.456509,+/-,0.039665,0.000000,+/-,0.000000,3.456509,+/-,0.039665,999.000000,+/-,0.000000
HLT_AK8DiPFJet280_200_TrimMass30_BTagCSV0p45,6.110000,+/-,0.050708,6.620460,+/-,0.054944,0.000000,+/-,0.000000,6.620460,+/-,0.054944,999.000000,+/-,0.000000
HLT_PFHT400_SixJet30_BTagCSV0p55_2PFBTagCSV0p72,1.480000,+/-,0.024984,1.603647,+/-,0.027072,0.000000,+/-,0.000000,1.603647,+/-,0.027072,999.000000,+/-,0.000000
HLT_PFHT300_DiPFJetAve90_PFAlphaT0p53,1.190000,+/-,0.022389,1.289419,+/-,0.024260,0.000000,+/-,0.000000,1.289419,+/-,0.024260,999.000000,+/-,0.000000
HLT_PFHT300_DiPFJetAve90_PFAlphaT0p54,0.820000,+/-,0.018588,0.888507,+/-,0.020141,0.000000,+/-,0.000000,0.888507,+/-,0.020141,999.000000,+/-,0.000000
HLT_IsoMu24_eta2p1_TriCentralPFJet30,0.390000,+/-,0.012782,0.422583,+/-,0.013850,0.000000,+/-,0.000000,0.422583,+/-,0.013850,999.000000,+/-,0.000000
HLT_Mu17_Photon35_CaloIdL_L1ISO,1.200000,+/-,0.022439,1.300254,+/-,0.024313,0.000000,+/-,0.000000,1.300254,+/-,0.024313,999.000000,+/-,0.000000
HLT_HcalNZS,6.960000,+/-,0.054115,7.541473,+/-,0.058636,0.000000,+/-,0.000000,7.541473,+/-,0.058636,999.000000,+/-,0.000000
HLT_Mu17_TrkIsoVVL_Mu8_TrkIsoVVL_DZ,3.060000,+/-,0.035874,3.315648,+/-,0.038871,0.000000,+/-,0.000000,3.315648,+/-,0.038871,999.000000,+/-,0.000000
HLT_HT425,0.460000,+/-,0.013952,0.498431,+/-,0.015118,0.000000,+/-,0.000000,0.498431,+/-,0.015118,999.000000,+/-,0.000000
HLT_PFHT475,1.040000,+/-,0.020896,1.126887,+/-,0.022642,0.000000,+/-,0.000000,1.126887,+/-,0.022642,999.000000,+/-,0.000000
HLT_Mu33NoFiltersNoVtxDisplaced_DisplacedJet50_Loose,0.790000,+/-,0.018278,0.856001,+/-,0.019805,0.000000,+/-,0.000000,0.856001,+/-,0.019805,999.000000,+/-,0.000000
HLT_Mu40_eta2p1_PFJet200_PFJet50,0.560000,+/-,0.015327,0.606785,+/-,0.016607,0.000000,+/-,0.000000,0.606785,+/-,0.016607,999.000000,+/-,0.000000
HLT_PFJet450,2.180000,+/-,0.030301,2.362128,+/-,0.032833,0.000000,+/-,0.000000,2.362128,+/-,0.032833,999.000000,+/-,0.000000
HLT_PFHT800,5.580000,+/-,0.048438,6.046181,+/-,0.052484,0.000000,+/-,0.000000,6.046181,+/-,0.052484,999.000000,+/-,0.000000
HLT_HIL3Mu3BPTX,0.000000,+/-,0.000000,0.000000,+/-,0.000000,0.000000,+/-,0.000000,0.000000,+/-,0.000000,999.000000,+/-,0.000000
HLT_DiPFJetAve80,0.310000,+/-,0.011373,0.335899,+/-,0.012323,0.000000,+/-,0.000000,0.335899,+/-,0.012323,999.000000,+/-,0.000000
HLT_Ele30WP60_Ele8_Mass55,4.650000,+/-,0.044240,5.038484,+/-,0.047936,0.000000,+/-,0.000000,5.038484,+/-,0.047936,999.000000,+/-,0.000000
HLT_Mu24_TrkIsoVVL,0.490000,+/-,0.014301,0.530937,+/-,0.015496,0.000000,+/-,0.000000,0.530937,+/-,0.015496,999.000000,+/-,0.000000
HLT_Mu16_eta2p1_MET30_JetIdCleaned,1.020000,+/-,0.020679,1.105216,+/-,0.022407,0.000000,+/-,0.000000,1.105216,+/-,0.022407,999.000000,+/-,0.000000
HLT_Ele23_WPLoose_Gsf_TriCentralPFJet50_40_30,1.330000,+/-,0.023693,1.441115,+/-,0.025673,0.000000,+/-,0.000000,1.441115,+/-,0.025673,999.000000,+/-,0.000000
HLT_PFHT400_SixJet30,0.450000,+/-,0.013757,0.487595,+/-,0.014906,0.000000,+/-,0.000000,0.487595,+/-,0.014906,999.000000,+/-,0.000000
HLT_DoubleIsoMu17_eta2p1,0.980000,+/-,0.020307,1.061874,+/-,0.022003,0.000000,+/-,0.000000,1.061874,+/-,0.022003,999.000000,+/-,0.000000
AlCa_LumiPixels_ZeroBias,389.350000,+/-,0.404666,421.878262,+/-,0.438473,0.000000,+/-,0.000000,421.878262,+/-,0.438473,999.000000,+/-,0.000000
HLT_IsoMu17_eta2p1_LooseIsoPFTau20,1.050000,+/-,0.020992,1.137722,+/-,0.022745,0.000000,+/-,0.000000,1.137722,+/-,0.022745,999.000000,+/-,0.000000
HLT_Dimuon20_Jpsi,2.760000,+/-,0.034074,2.990584,+/-,0.036921,0.000000,+/-,0.000000,2.990584,+/-,0.036921,999.000000,+/-,0.000000
HLT_IsoMu18,33.980000,+/-,0.119540,36.818860,+/-,0.129527,0.000000,+/-,0.000000,36.818860,+/-,0.129527,999.000000,+/-,0.000000
HLT_Ele17_CaloIdL_TrackIdL_IsoVL,27.860000,+/-,0.108247,30.187565,+/-,0.117291,0.000000,+/-,0.000000,30.187565,+/-,0.117291,999.000000,+/-,0.000000
HLT_IsoTkMu24_eta2p1,18.410000,+/-,0.087990,19.948064,+/-,0.095342,0.000000,+/-,0.000000,19.948064,+/-,0.095342,999.000000,+/-,0.000000
HLT_PFHT650,3.090000,+/-,0.036050,3.348154,+/-,0.039062,0.000000,+/-,0.000000,3.348154,+/-,0.039062,999.000000,+/-,0.000000
HLTriggerFirstPath (2010592),0.000000,+/-,0.000000,0.000000,+/-,0.000000,0.000000,+/-,0.000000,0.000000,+/-,0.000000,999.000000,+/-,0.000000
HLT_QuadPFJet_DoubleBTagCSV_VBF_Mqq240,2.470000,+/-,0.032252,2.676356,+/-,0.034947,0.000000,+/-,0.000000,2.676356,+/-,0.034947,999.000000,+/-,0.000000
HLT_Mu350,0.020000,+/-,0.002801,0.021671,+/-,0.003035,0.000000,+/-,0.000000,0.021671,+/-,0.003035,999.000000,+/-,0.000000
HLT_L2DoubleMu23_NoVertex,0.050000,+/-,0.004704,0.054177,+/-,0.005097,0.000000,+/-,0.000000,0.054177,+/-,0.005097,999.000000,+/-,0.000000
HLT_TkMu27,0.700000,+/-,0.017104,0.758482,+/-,0.018533,0.000000,+/-,0.000000,0.758482,+/-,0.018533,999.000000,+/-,0.000000
HLT_PFJet320,3.010000,+/-,0.035570,3.261471,+/-,0.038541,0.000000,+/-,0.000000,3.261471,+/-,0.038541,999.000000,+/-,0.000000
HLT_TkMu20,1.340000,+/-,0.023762,1.451950,+/-,0.025748,0.000000,+/-,0.000000,1.451950,+/-,0.025748,999.000000,+/-,0.000000
HLT_TripleMu_12_10_5,0.360000,+/-,0.012305,0.390076,+/-,0.013333,0.000000,+/-,0.000000,0.390076,+/-,0.013333,999.000000,+/-,0.000000
HLT_Ele33_CaloIdM_TrackIdM_PFJet30,0.500000,+/-,0.014488,0.541773,+/-,0.015699,0.000000,+/-,0.000000,0.541773,+/-,0.015699,999.000000,+/-,0.000000
HLT_Photon120_R9Id90_HE10_IsoM,1.270000,+/-,0.023079,1.376102,+/-,0.025008,0.000000,+/-,0.000000,1.376102,+/-,0.025008,999.000000,+/-,0.000000
HLT_HcalUTCA,0.060000,+/-,0.005222,0.065013,+/-,0.005659,0.000000,+/-,0.000000,0.065013,+/-,0.005659,999.000000,+/-,0.000000
HLT_Ele22_eta2p1_WPLoose_Gsf_LooseIsoPFTau20_SingleL1,4.580000,+/-,0.043899,4.962636,+/-,0.047566,0.000000,+/-,0.000000,4.962636,+/-,0.047566,999.000000,+/-,0.000000
HLT_DiPFJetAve80_HFJEC,0.290000,+/-,0.011097,0.314228,+/-,0.012024,0.000000,+/-,0.000000,0.314228,+/-,0.012024,999.000000,+/-,0.000000
HLT_BTagMu_DiJet40_Mu5,5.950000,+/-,0.050030,6.447093,+/-,0.054210,0.000000,+/-,0.000000,6.447093,+/-,0.054210,999.000000,+/-,0.000000
HLT_Ele8_CaloIdM_TrackIdM_PFJet30,0.030000,+/-,0.003560,0.032506,+/-,0.003858,0.000000,+/-,0.000000,0.032506,+/-,0.003858,999.000000,+/-,0.000000
HLT_DiPFJetAve140,0.400000,+/-,0.012998,0.433418,+/-,0.014084,0.000000,+/-,0.000000,0.433418,+/-,0.014084,999.000000,+/-,0.000000
HLT_Photon90,0.310000,+/-,0.011458,0.335899,+/-,0.012415,0.000000,+/-,0.000000,0.335899,+/-,0.012415,999.000000,+/-,0.000000
HLT_DiPFJet40_DEta3p5_MJJ600_PFMETNoMu140_JetIdCleaned,0.080000,+/-,0.005866,0.086684,+/-,0.006356,0.000000,+/-,0.000000,0.086684,+/-,0.006356,999.000000,+/-,0.000000
HLT_DiPFJetAve60,16.990000,+/-,0.084525,18.409430,+/-,0.091587,0.000000,+/-,0.000000,18.409430,+/-,0.091587,999.000000,+/-,0.000000
HLT_Rsq0p25,0.320000,+/-,0.011654,0.346734,+/-,0.012627,0.000000,+/-,0.000000,0.346734,+/-,0.012627,999.000000,+/-,0.000000
HLT_PFJet400,1.990000,+/-,0.028907,2.156255,+/-,0.031323,0.000000,+/-,0.000000,2.156255,+/-,0.031323,999.000000,+/-,0.000000
HLT_TkMu24_eta2p1,0.640000,+/-,0.016357,0.693469,+/-,0.017723,0.000000,+/-,0.000000,0.693469,+/-,0.017723,999.000000,+/-,0.000000
HLT_Mu16_TkMu0_dEta18_Phi,1.110000,+/-,0.021571,1.202735,+/-,0.023373,0.000000,+/-,0.000000,1.202735,+/-,0.023373,999.000000,+/-,0.000000
AlCa_EcalPhiSym,17518.460000,+/-,2.714394,18982.040453,+/-,2.941169,0.000000,+/-,0.000000,18982.040453,+/-,2.941169,999.000000,+/-,0.000000
HLT_MonoCentralPFJet80_PFMETNoMu120_JetIdCleaned_PFMHTNoMu120_IDTight,1.820000,+/-,0.027649,1.972052,+/-,0.029959,0.000000,+/-,0.000000,1.972052,+/-,0.029959,999.000000,+/-,0.000000
HLT_Photon75,0.290000,+/-,0.011072,0.314228,+/-,0.011997,0.000000,+/-,0.000000,0.314228,+/-,0.011997,999.000000,+/-,0.000000
HLT_DiPFJetAve300_HFJEC,0.130000,+/-,0.007325,0.140861,+/-,0.007937,0.000000,+/-,0.000000,0.140861,+/-,0.007937,999.000000,+/-,0.000000
HLT_Mu33NoFiltersNoVtxDisplaced_Photon33_CaloIdL,0.190000,+/-,0.008878,0.205874,+/-,0.009620,0.000000,+/-,0.000000,0.205874,+/-,0.009620,999.000000,+/-,0.000000
HLT_TrkMu17_DoubleTrkMu8NoFiltersNoVtx,0.150000,+/-,0.007961,0.162532,+/-,0.008626,0.000000,+/-,0.000000,0.162532,+/-,0.008626,999.000000,+/-,0.000000
HLT_PFMET170_NoiseCleaned,1.820000,+/-,0.027642,1.972052,+/-,0.029952,0.000000,+/-,0.000000,1.972052,+/-,0.029952,999.000000,+/-,0.000000
HLT_Photon75_R9Id90_HE10_Iso40_EBOnly_VBF,0.490000,+/-,0.014406,0.530937,+/-,0.015609,0.000000,+/-,0.000000,0.530937,+/-,0.015609,999.000000,+/-,0.000000
HLT_CaloMHTNoPU90_PFMET90_PFMHT90_IDTight,0.450000,+/-,0.013809,0.487595,+/-,0.014962,0.000000,+/-,0.000000,0.487595,+/-,0.014962,999.000000,+/-,0.000000
HLT_PFMET400_JetIdCleaned,0.140000,+/-,0.007814,0.151696,+/-,0.008467,0.000000,+/-,0.000000,0.151696,+/-,0.008467,999.000000,+/-,0.000000
HLT_BTagMu_DiJet110_Mu5,5.530000,+/-,0.048220,5.992004,+/-,0.052249,0.000000,+/-,0.000000,5.992004,+/-,0.052249,999.000000,+/-,0.000000
HLT_Ele23_Ele12_CaloIdL_TrackIdL_IsoVL,3.800000,+/-,0.039996,4.117471,+/-,0.043337,0.000000,+/-,0.000000,4.117471,+/-,0.043337,999.000000,+/-,0.000000
HLT_DoubleMu18NoFiltersNoVtx,0.150000,+/-,0.008029,0.162532,+/-,0.008700,0.000000,+/-,0.000000,0.162532,+/-,0.008700,999.000000,+/-,0.000000
HLT_BTagMu_DiJet20_Mu5,25.430000,+/-,0.103416,27.554550,+/-,0.112056,0.000000,+/-,0.000000,27.554550,+/-,0.112056,999.000000,+/-,0.000000
HLT_Photon500,0.020000,+/-,0.002828,0.021671,+/-,0.003065,0.000000,+/-,0.000000,0.021671,+/-,0.003065,999.000000,+/-,0.000000
HLT_Photon42_R9Id85_OR_CaloId24b40e_Iso50T80L_Photon25_AND_HE10_R9Id65_Eta2_Mass15,2.180000,+/-,0.030260,2.362128,+/-,0.032788,0.000000,+/-,0.000000,2.362128,+/-,0.032788,999.000000,+/-,0.000000
AlCa_Ele27_WPVeryLoose_Gsf,86.580000,+/-,0.190825,93.813330,+/-,0.206767,0.000000,+/-,0.000000,93.813330,+/-,0.206767,999.000000,+/-,0.000000
HLT_IsoTkMu20_eta2p1,24.110000,+/-,0.100699,26.124271,+/-,0.109112,0.000000,+/-,0.000000,26.124271,+/-,0.109112,999.000000,+/-,0.000000
HLT_IsoTkMu20,27.020000,+/-,0.106604,29.277387,+/-,0.115510,0.000000,+/-,0.000000,29.277387,+/-,0.115510,999.000000,+/-,0.000000
HLT_Ele30WP60_SC4_Mass55,10.140000,+/-,0.065304,10.987147,+/-,0.070760,0.000000,+/-,0.000000,10.987147,+/-,0.070760,999.000000,+/-,0.000000
HLT_PFHT250_DiPFJetAve90_PFAlphaT0p58,0.970000,+/-,0.020156,1.051039,+/-,0.021840,0.000000,+/-,0.000000,1.051039,+/-,0.021840,999.000000,+/-,0.000000
HLT_L2Mu10,5.460000,+/-,0.047917,5.916156,+/-,0.051920,0.000000,+/-,0.000000,5.916156,+/-,0.051920,999.000000,+/-,0.000000
HLT_MET250,2.270000,+/-,0.030931,2.459647,+/-,0.033515,0.000000,+/-,0.000000,2.459647,+/-,0.033515,999.000000,+/-,0.000000
HLT_DiMu9_Ele9_CaloIdL_TrackIdL,0.300000,+/-,0.011243,0.325064,+/-,0.012182,0.000000,+/-,0.000000,0.325064,+/-,0.012182,999.000000,+/-,0.000000
HLT_IsoMu18_CentralPFJet30_BTagCSV07,1.670000,+/-,0.026465,1.809520,+/-,0.028676,0.000000,+/-,0.000000,1.809520,+/-,0.028676,999.000000,+/-,0.000000
HLT_PFHT250_DiPFJetAve90_PFAlphaT0p55,1.970000,+/-,0.028803,2.134584,+/-,0.031209,0.000000,+/-,0.000000,2.134584,+/-,0.031209,999.000000,+/-,0.000000
HLT_Mu27,0.720000,+/-,0.017457,0.780152,+/-,0.018916,0.000000,+/-,0.000000,0.780152,+/-,0.018916,999.000000,+/-,0.000000
HLT_L1SingleMu16,1.430000,+/-,0.024524,1.549469,+/-,0.026573,0.000000,+/-,0.000000,1.549469,+/-,0.026573,999.000000,+/-,0.000000
HLT_Mu24,0.560000,+/-,0.015321,0.606785,+/-,0.016601,0.000000,+/-,0.000000,0.606785,+/-,0.016601,999.000000,+/-,0.000000
AlCa_EcalPi0EBonly,14140.810000,+/-,2.438721,15322.204547,+/-,2.642464,0.000000,+/-,0.000000,15322.204547,+/-,2.642464,999.000000,+/-,0.000000
HLT_Mu20,6.980000,+/-,0.054166,7.563144,+/-,0.058691,0.000000,+/-,0.000000,7.563144,+/-,0.058691,999.000000,+/-,0.000000
HLT_Mu8_Ele8_CaloIdM_TrackIdM_Mass8_PFHT300,0.680000,+/-,0.016905,0.736811,+/-,0.018318,0.000000,+/-,0.000000,0.736811,+/-,0.018318,999.000000,+/-,0.000000
HLT_Mu7p5_Track7_Upsilon,0.060000,+/-,0.005053,0.065013,+/-,0.005475,0.000000,+/-,0.000000,0.065013,+/-,0.005475,999.000000,+/-,0.000000
HLT_Photon50_R9Id90_HE10_IsoM,1.670000,+/-,0.026508,1.809520,+/-,0.028723,0.000000,+/-,0.000000,1.809520,+/-,0.028723,999.000000,+/-,0.000000
HLT_Mu6_PFHT200_PFMET100_JetIdCleaned,0.350000,+/-,0.012163,0.379241,+/-,0.013180,0.000000,+/-,0.000000,0.379241,+/-,0.013180,999.000000,+/-,0.000000
HLT_MET75_IsoTrk50,0.210000,+/-,0.009345,0.227544,+/-,0.010126,0.000000,+/-,0.000000,0.227544,+/-,0.010126,999.000000,+/-,0.000000
HLT_Random,4.770000,+/-,0.044771,5.168510,+/-,0.048512,0.000000,+/-,0.000000,5.168510,+/-,0.048512,999.000000,+/-,0.000000
HLT_Mu17_Mu8_SameSign_DZ,1.240000,+/-,0.022842,1.343596,+/-,0.024750,0.000000,+/-,0.000000,1.343596,+/-,0.024750,999.000000,+/-,0.000000
HLT_L2Mu10_NoVertex_NoBPTX,2.590000,+/-,0.032997,2.806382,+/-,0.035754,0.000000,+/-,0.000000,2.806382,+/-,0.035754,999.000000,+/-,0.000000
HLT_QuadMuon0_Dimuon0_Jpsi,0.030000,+/-,0.003441,0.032506,+/-,0.003729,0.000000,+/-,0.000000,0.032506,+/-,0.003729,999.000000,+/-,0.000000
HLT_Ele32_eta2p1_WPLoose_Gsf_TriCentralPFJet50_40_30,0.580000,+/-,0.015619,0.628456,+/-,0.016924,0.000000,+/-,0.000000,0.628456,+/-,0.016924,999.000000,+/-,0.000000
HLT_PFHT200_PFAlphaT0p51,0.270000,+/-,0.010715,0.292557,+/-,0.011610,0.000000,+/-,0.000000,0.292557,+/-,0.011610,999.000000,+/-,0.000000
HLT_Mu24_eta2p1,0.680000,+/-,0.016942,0.736811,+/-,0.018357,0.000000,+/-,0.000000,0.736811,+/-,0.018357,999.000000,+/-,0.000000
HLT_HIL1DoubleMu0BPTX,0.000000,+/-,0.000000,0.000000,+/-,0.000000,0.000000,+/-,0.000000,0.000000,+/-,0.000000,999.000000,+/-,0.000000
HLT_Ele22_eta2p1_WPLoose_Gsf_LooseIsoPFTau20,2.920000,+/-,0.035036,3.163952,+/-,0.037963,0.000000,+/-,0.000000,3.163952,+/-,0.037963,999.000000,+/-,0.000000
HLT_HT350_DisplacedDijet80_Tight_DisplacedTrack,0.040000,+/-,0.004082,0.043342,+/-,0.004424,0.000000,+/-,0.000000,0.043342,+/-,0.004424,999.000000,+/-,0.000000
HLT_PFMET170_JetIdCleaned,1.870000,+/-,0.028055,2.026229,+/-,0.030398,0.000000,+/-,0.000000,2.026229,+/-,0.030398,999.000000,+/-,0.000000
HLT_Mu10_TrkIsoVVL_DiPFJet40_DEta3p5_MJJ750_HTT350_PFMETNoMu60_JetIdCleaned,0.060000,+/-,0.004915,0.065013,+/-,0.005326,0.000000,+/-,0.000000,0.065013,+/-,0.005326,999.000000,+/-,0.000000
HLT_HT200,0.520000,+/-,0.014779,0.563443,+/-,0.016014,0.000000,+/-,0.000000,0.563443,+/-,0.016014,999.000000,+/-,0.000000
HLT_Ele17_Ele12_CaloIdL_TrackIdL_IsoVL_DZ,2.400000,+/-,0.031789,2.600508,+/-,0.034445,0.000000,+/-,0.000000,2.600508,+/-,0.034445,999.000000,+/-,0.000000
HLT_Mu16_TkMu0_dEta18_Onia,3.680000,+/-,0.039327,3.987446,+/-,0.042613,0.000000,+/-,0.000000,3.987446,+/-,0.042613,999.000000,+/-,0.000000
HLT_PFHT350_DiPFJetAve90_PFAlphaT0p52,0.920000,+/-,0.019704,0.996861,+/-,0.021350,0.000000,+/-,0.000000,0.996861,+/-,0.021350,999.000000,+/-,0.000000
HLT_PFHT350_DiPFJetAve90_PFAlphaT0p53,0.730000,+/-,0.017541,0.790988,+/-,0.019006,0.000000,+/-,0.000000,0.790988,+/-,0.019006,999.000000,+/-,0.000000
HLT_DiPFJetAve320,1.630000,+/-,0.026165,1.766178,+/-,0.028351,0.000000,+/-,0.000000,1.766178,+/-,0.028351,999.000000,+/-,0.000000
HLT_DoubleEle33_CaloIdL_GsfTrkIdVL_MW,1.270000,+/-,0.023079,1.376102,+/-,0.025008,0.000000,+/-,0.000000,1.376102,+/-,0.025008,999.000000,+/-,0.000000
HLT_AK8PFJet360_TrimMass30,2.430000,+/-,0.031938,2.633014,+/-,0.034606,0.000000,+/-,0.000000,2.633014,+/-,0.034606,999.000000,+/-,0.000000
HLT_HISinglePhoton40,0.000000,+/-,0.000000,0.000000,+/-,0.000000,0.000000,+/-,0.000000,0.000000,+/-,0.000000,999.000000,+/-,0.000000
HLT_Mu14er_PFMET100_JetIdCleaned,0.330000,+/-,0.011801,0.357570,+/-,0.012787,0.000000,+/-,0.000000,0.357570,+/-,0.012787,999.000000,+/-,0.000000
HLT_Photon90_R9Id90_HE10_IsoM,1.910000,+/-,0.028359,2.069571,+/-,0.030729,0.000000,+/-,0.000000,2.069571,+/-,0.030729,999.000000,+/-,0.000000
AlCa_EcalEtaEBonly,3766.060000,+/-,1.258544,4080.695636,+/-,1.363689,0.000000,+/-,0.000000,4080.695636,+/-,1.363689,999.000000,+/-,0.000000
HLT_LooseIsoPFTau50_Trk30_eta2p1_MET120_JetIdCleaned,0.410000,+/-,0.013117,0.444253,+/-,0.014213,0.000000,+/-,0.000000,0.444253,+/-,0.014213,999.000000,+/-,0.000000
HLT_ZeroBias_part0,219.000000,+/-,0.303491,237.296364,+/-,0.328846,0.000000,+/-,0.000000,237.296364,+/-,0.328846,999.000000,+/-,0.000000
HLT_ZeroBias_part1,219.030000,+/-,0.303516,237.328870,+/-,0.328873,0.000000,+/-,0.000000,237.328870,+/-,0.328873,999.000000,+/-,0.000000
HLT_ZeroBias_part2,219.010000,+/-,0.303496,237.307199,+/-,0.328851,0.000000,+/-,0.000000,237.307199,+/-,0.328851,999.000000,+/-,0.000000
HLT_DiPFJetAve500,0.690000,+/-,0.017023,0.747646,+/-,0.018445,0.000000,+/-,0.000000,0.747646,+/-,0.018445,999.000000,+/-,0.000000
HLT_Photon50_R9Id90_HE10_Iso40_EBOnly_VBF,1.400000,+/-,0.024228,1.516963,+/-,0.026252,0.000000,+/-,0.000000,1.516963,+/-,0.026252,999.000000,+/-,0.000000
HLT_Mu12_Photon25_CaloIdL,0.010000,+/-,0.002673,0.010835,+/-,0.002896,0.000000,+/-,0.000000,0.010835,+/-,0.002896,999.000000,+/-,0.000000
HLT_PFMETNoMu120_JetIdCleaned_PFMHTNoMu120_IDTight,1.880000,+/-,0.028141,2.037065,+/-,0.030492,0.000000,+/-,0.000000,2.037065,+/-,0.030492,999.000000,+/-,0.000000
HLT_Photon75_R9Id90_HE10_Iso40_EBOnly_PFMET40,0.660000,+/-,0.016683,0.715140,+/-,0.018077,0.000000,+/-,0.000000,0.715140,+/-,0.018077,999.000000,+/-,0.000000
HLT_HISinglePhoton20ForEndOfFill,0.000000,+/-,0.000000,0.000000,+/-,0.000000,0.000000,+/-,0.000000,0.000000,+/-,0.000000,999.000000,+/-,0.000000
HLT_PFHT600,3.670000,+/-,0.039313,3.976610,+/-,0.042597,0.000000,+/-,0.000000,3.976610,+/-,0.042597,999.000000,+/-,0.000000
HLT_IsoTrackHB,1.100000,+/-,0.021523,1.191900,+/-,0.023321,0.000000,+/-,0.000000,1.191900,+/-,0.023321,999.000000,+/-,0.000000
HLT_IsoTrackHE,1.530000,+/-,0.025394,1.657824,+/-,0.027516,0.000000,+/-,0.000000,1.657824,+/-,0.027516,999.000000,+/-,0.000000
HLT_Photon30,0.470000,+/-,0.013994,0.509266,+/-,0.015163,0.000000,+/-,0.000000,0.509266,+/-,0.015163,999.000000,+/-,0.000000
HLT_PFJet500,1.260000,+/-,0.023008,1.365267,+/-,0.024930,0.000000,+/-,0.000000,1.365267,+/-,0.024930,999.000000,+/-,0.000000
HLT_Mu7p5_L2Mu2_Upsilon,0.400000,+/-,0.012950,0.433418,+/-,0.014032,0.000000,+/-,0.000000,0.433418,+/-,0.014032,999.000000,+/-,0.000000
HLT_Dimuon0er16_Jpsi_NoVertexing,1.750000,+/-,0.027094,1.896204,+/-,0.029357,0.000000,+/-,0.000000,1.896204,+/-,0.029357,999.000000,+/-,0.000000
HLT_PFMETNoMu90_JetIdCleaned_PFMHTNoMu90_IDTight,6.070000,+/-,0.050525,6.577118,+/-,0.054747,0.000000,+/-,0.000000,6.577118,+/-,0.054747,999.000000,+/-,0.000000
HLT_Mu20_Mu10,0.630000,+/-,0.016288,0.682633,+/-,0.017649,0.000000,+/-,0.000000,0.682633,+/-,0.017649,999.000000,+/-,0.000000
HLT_Mu45_eta2p1,7.600000,+/-,0.056545,8.234942,+/-,0.061269,0.000000,+/-,0.000000,8.234942,+/-,0.061269,999.000000,+/-,0.000000
HLT_Mu17_TrkIsoVVL_Mu8_TrkIsoVVL,0.240000,+/-,0.010044,0.260051,+/-,0.010883,0.000000,+/-,0.000000,0.260051,+/-,0.010883,999.000000,+/-,0.000000
HLT_DoubleJetsC112_DoubleBTagCSV0p9_DoublePFJetsC112MaxDeta1p6,1.130000,+/-,0.021771,1.224406,+/-,0.023590,0.000000,+/-,0.000000,1.224406,+/-,0.023590,999.000000,+/-,0.000000
HLT_Mu38NoFiltersNoVtx_Photon38_CaloIdL,0.300000,+/-,0.011204,0.325064,+/-,0.012140,0.000000,+/-,0.000000,0.325064,+/-,0.012140,999.000000,+/-,0.000000
HLT_JetE70_NoBPTX3BX_NoHalo,0.610000,+/-,0.016080,0.660962,+/-,0.017424,0.000000,+/-,0.000000,0.660962,+/-,0.017424,999.000000,+/-,0.000000
HLT_Mu8_TrkIsoVVL_Ele23_CaloIdL_TrackIdL_IsoVL,1.700000,+/-,0.026703,1.842027,+/-,0.028934,0.000000,+/-,0.000000,1.842027,+/-,0.028934,999.000000,+/-,0.000000
HLT_HT2000,0.040000,+/-,0.004020,0.043342,+/-,0.004356,0.000000,+/-,0.000000,0.043342,+/-,0.004356,999.000000,+/-,0.000000
HLT_IsoMu16_eta2p1_MET30_JetIdCleaned_LooseIsoPFTau50_Trk30_eta2p1,0.560000,+/-,0.015309,0.606785,+/-,0.016588,0.000000,+/-,0.000000,0.606785,+/-,0.016588,999.000000,+/-,0.000000
HLT_Photon22_R9Id90_HE10_IsoM,0.840000,+/-,0.018769,0.910178,+/-,0.020337,0.000000,+/-,0.000000,0.910178,+/-,0.020337,999.000000,+/-,0.000000
HLT_Mu23_TrkIsoVVL_Ele12_CaloIdL_TrackIdL_IsoVL,0.510000,+/-,0.014668,0.552608,+/-,0.015893,0.000000,+/-,0.000000,0.552608,+/-,0.015893,999.000000,+/-,0.000000
HLT_PFHT300,0.360000,+/-,0.012233,0.390076,+/-,0.013255,0.000000,+/-,0.000000,0.390076,+/-,0.013255,999.000000,+/-,0.000000
HLT_Ele12_CaloIdL_TrackIdL_IsoVL,4.110000,+/-,0.041585,4.453370,+/-,0.045059,0.000000,+/-,0.000000,4.453370,+/-,0.045059,999.000000,+/-,0.000000
HLT_L2Mu35_NoVertex_3Sta_NoBPTX3BX_NoHalo,17.130000,+/-,0.084869,18.561127,+/-,0.091959,0.000000,+/-,0.000000,18.561127,+/-,0.091959,999.000000,+/-,0.000000
HLT_AK8PFHT650_TrimR0p1PT0p03Mass50,5.230000,+/-,0.046880,5.666941,+/-,0.050796,0.000000,+/-,0.000000,5.666941,+/-,0.050796,999.000000,+/-,0.000000
HLT_ZeroBias,8.780000,+/-,0.060767,9.513525,+/-,0.065844,0.000000,+/-,0.000000,9.513525,+/-,0.065844,999.000000,+/-,0.000000
HLT_FullTrack12ForEndOfFill,0.000000,+/-,0.000000,0.000000,+/-,0.000000,0.000000,+/-,0.000000,0.000000,+/-,0.000000,999.000000,+/-,0.000000
