Prescale	Path	Dataset	Group		Total			HLTPhysics0			HLTPhysics1			
-1	TotalEvents			1100918.0	+/-	278.525419494	538883.0	+/-	194.865336767	562035.0	+/-	199.007310999
1	HLT_HT350_DisplacedDijet80_Tight_DisplacedTrack_v4	OnlineMonitor,DisplacedJet	EXO	0.422791212265	+/-	0.17260378963	0.211395606132	+/-	0.122049310106	0.211395606132	+/-	0.122049310106
1	HLT_DoubleMu23NoFiltersNoVtxDisplaced_v3	OnlineMonitor,DoubleMuon	EXO	1.12744323271	+/-	0.281860808177	0.634186818397	+/-	0.211395606132	0.493256414309	+/-	0.186433400693
1	HLT_HcalCalibration_v2	TestEnablesEcalHcal,TestEnablesEcalHcalDQM	null	0.0	+/-	0.0	0.0	+/-	0.0	0.0	+/-	0.0
1	HLT_DoubleMediumIsoPFTau35_Trk1_eta2p1_Reg_v5	OnlineMonitor,Tau	TAU,HIG,EXO	53.6240187556	+/-	1.94386916124	27.2700331911	+/-	1.38621369152	26.3539855645	+/-	1.36273215177
6	HLT_AK8PFJet140_v2	OnlineMonitor,JetHT	SMP	0.223139806473	+/-	0.0511917824578	0.0939536027255	+/-	0.0332176148021	0.129186203748	+/-	0.0389511059928
0	HLT_Mu33NoFiltersNoVtxDisplaced_DisplacedJet50_Loose_v3	OnlineMonitor,SingleMuon	EXO	0.0	+/-	0.0	0.0	+/-	0.0	0.0	+/-	0.0
1	HLT_Photon22_R9Id90_HE10_Iso40_EBOnly_PFMET40_v7	OnlineMonitor,SinglePhoton	HIG	0.211395606132	+/-	0.122049310106	0.211395606132	+/-	0.122049310106	0.0	+/-	0.0
2	HLT_Dimuon0er16_Jpsi_NoOS_NoVertexing_v3	OnlineMonitor,Charmonium	BPH	0.352326010221	+/-	0.111415267122	0.17616300511	+/-	0.0787824909095	0.17616300511	+/-	0.0787824909095
1	HLT_PFHT650_WideJetMJJ900DEtaJJ1p5_v6	OnlineMonitor,JetHT	EXO	9.0900110637	+/-	0.800330847954	4.29837732469	+/-	0.550350821428	4.791633739	+/-	0.581070941917
1	HLT_HT500to550_v3	OnlineMonitor,ParkingHT500to550,ParkingScoutingMonitor	EXO	98.5808176598	+/-	2.63562463831	45.8023813287	+/-	1.79651720126	52.7784363311	+/-	1.92848209212
1	HLT_Ele15_IsoVVVL_PFHT400_v4	OnlineMonitor,SingleElectron	SUS	5.00302934513	+/-	0.593750346221	2.46628207155	+/-	0.416877757225	2.53674727359	+/-	0.422791212265
1	HLT_Mu38NoFiltersNoVtxDisplaced_DisplacedJet60_Tight_v3	OnlineMonitor,SingleMuon	EXO	1.47976924293	+/-	0.322912122228	0.563721616353	+/-	0.199305688812	0.916047626574	+/-	0.254065899106
43	HLT_Photon30_v6	OnlineMonitor,SinglePhoton	SMP	0.0131098050315	+/-	0.00463501601889	0.00819362814467	+/-	0.00366430190277	0.0049161768868	+/-	0.00283835604898
1	HLT_L1FatEvents_part1_v1	HLTPhysics1	null	11082.5555819	+/-	27.9452056397	5424.27032295	+/-	19.550506496	5658.28525894	+/-	19.9677793957
1	HLT_Mu300_v2	OnlineMonitor,ExpressPhysics,SingleMuon	EXO	0.211395606132	+/-	0.122049310106	0.140930404088	+/-	0.0996528444062	0.0704652020441	+/-	0.0704652020441
1	HLT_Mu55_v3	OnlineMonitor,SingleMuon	EXO	15.5728096518	+/-	1.04754053788	7.04652020441	+/-	0.704652020441	8.52628944734	+/-	0.775117222486
1	HLT_PFMETNoMu110_PFMHTNoMu110_IDTight_v5	OnlineMonitor,MET	EXO,SUS	10.7107107107	+/-	0.868753356406	5.63721616353	+/-	0.630259927276	5.07349454718	+/-	0.597917066437
0	HLT_HT500_DisplacedDijet40_Inclusive_v4	OnlineMonitor,DisplacedJet	EXO	0.0	+/-	0.0	0.0	+/-	0.0	0.0	+/-	0.0
26	HLT_Mu20_Mu10_v3	OnlineMonitor,DoubleMuon	Higgs	0.0406530011793	+/-	0.0104965597694	0.0271020007862	+/-	0.00857040516321	0.0135510003931	+/-	0.00606019160842
1	HLT_DoubleJetsC112_DoubleBTagCSV_p026_DoublePFJetsC172_v3	OnlineMonitor,BTagCSV	Higgs,Analysis	7.75117222486	+/-	0.73904527392	3.52326010221	+/-	0.498264222031	4.22791212265	+/-	0.545821108008
3	HLT_Photon30_R9Id90_HE10_IsoM_v7	OnlineMonitor,SinglePhoton	SMP,SUS	0.352326010221	+/-	0.090970184668	0.281860808177	+/-	0.0813662067374	0.0704652020441	+/-	0.0406831033687
0	HLT_Mu17_Photon22_CaloIdL_L1ISO_v4	OnlineMonitor,MuonEG	HIG	0.0	+/-	0.0	0.0	+/-	0.0	0.0	+/-	0.0
2	HLT_DiPFJet40_DEta3p5_MJJ600_PFMETNoMu80_v3	OnlineMonitor,HTMHT	HIG	0.0352326010221	+/-	0.0352326010221	0.0	+/-	0.0	0.0352326010221	+/-	0.0352326010221
0	HLT_DiPFJet15_NoCaloMatched_v3	OnlineMonitor,FSQJets	FSQ	0.0	+/-	0.0	0.0	+/-	0.0	0.0	+/-	0.0
3	HLT_Mu17_v3	OnlineMonitor,DoubleMuon	SUS	0.751628821804	+/-	0.132870459208	0.281860808177	+/-	0.0813662067374	0.469768013628	+/-	0.105043321213
1	HLT_DoublePhoton85_v7	OnlineMonitor,EventDisplay,DoubleEG	Egamma,EXO	0.916047626574	+/-	0.254065899106	0.422791212265	+/-	0.17260378963	0.493256414309	+/-	0.186433400693
0	HLT_FullTracks_Multiplicity100_v2	OnlineMonitor,HighMultiplicityEOF	FSQ,HIN	0.0	+/-	0.0	0.0	+/-	0.0	0.0	+/-	0.0
600	HLT_HT425_v3	OnlineMonitor,DisplacedJet	EXO	0.00199651405792	+/-	0.000484225784931	0.00117442003407	+/-	0.000371384223739	0.000822094023848	+/-	0.000310722334488
10	HLT_PFJet400_v7	OnlineMonitor,JetHT	SMP	0.218442126337	+/-	0.0392333640761	0.0986512828618	+/-	0.0263656643739	0.119790843475	+/-	0.0290535470959
1	HLT_Ele115_CaloIdVT_GsfTrkIdT_v6	OnlineMonitor,SingleElectron	EXO	13.3883883884	+/-	0.971295780302	6.76465939624	+/-	0.690415158521	6.62372899215	+/-	0.683185481196
91	HLT_PFJet260_v7	OnlineMonitor,JetHT	JetMET	0.0178098862309	+/-	0.00371361799187	0.0108408003145	+/-	0.00289732575537	0.00696908591645	+/-	0.00232302863882
22	HLT_Photon50_R9Id90_HE10_Iso40_EBOnly_PFMET40_v7	OnlineMonitor,SinglePhoton	HIG	0.0416385284806	+/-	0.0115484499594	0.022420746105	+/-	0.00847424548603	0.0192177823757	+/-	0.00784562680138
52	HLT_Mu17_TkMu8_DZ_v3	OnlineMonitor,DoubleMuon	MUO	0.0162612004717	+/-	0.00469420423485	0.00948570027517	+/-	0.00358525770563	0.00677550019655	+/-	0.00303009580421
1	HLT_Photon36_R9Id90_HE10_IsoM_v7	OnlineMonitor,SinglePhoton	SMP,SUS	2.74814287972	+/-	0.440055045722	1.40930404088	+/-	0.315129963638	1.33883883884	+/-	0.307150694747
0	HLT_AK4PFJet100_v5	OnlineMonitor,EventDisplay,HINPFJets	HIN	0.0	+/-	0.0	0.0	+/-	0.0	0.0	+/-	0.0
1	HLT_Ele27_eta2p1_WPLoose_Gsf_v7	OnlineMonitor,HLTMonitor,SingleElectron	EGM	120.847821506	+/-	2.91814430058	59.8249565355	+/-	2.05318719301	61.0228649702	+/-	2.07364136471
130	HLT_Photon50_R9Id90_HE10_IsoM_v7	OnlineMonitor,SinglePhoton	SMP,SUS	0.00921468026731	+/-	0.00223488823814	0.00542040015724	+/-	0.00171408103264	0.00379428011007	+/-	0.00143410308225
1	HLT_Ele22_eta2p1_WPLoose_Gsf_LooseIsoPFTau29_v1	OnlineMonitor,SingleElectron	Tau,HIG,EXO	8.03303303303	+/-	0.752362476271	4.43930772878	+/-	0.559300202078	3.59372530425	+/-	0.503222197101
174	HLT_PFHT200_PFAlphaT0p51_v5	OnlineMonitor,HTMHT	null	0.00971933821299	+/-	0.00198395160495	0.00526464153203	+/-	0.00146014884544	0.00445469668095	+/-	0.00134314158596
139	HLT_Mu28NoFiltersNoVtx_DisplacedJet40_Loose_v3	OnlineMonitor,SingleMuon	EXO	0.00152083169879	+/-	0.000878052590691	0.00152083169879	+/-	0.000878052590691	0.0	+/-	0.0
1	HLT_Mu17_Photon35_CaloIdL_L1ISO_v7	OnlineMonitor,MuonEG	EXO	5.35535535536	+/-	0.614301389493	2.60721247563	+/-	0.428623090684	2.74814287972	+/-	0.440055045722
3	HLT_Mu7p5_Track3p5_Jpsi_v3	OnlineMonitor,Charmonium	BPH	0.234884006814	+/-	0.0742768447478	0.0469768013628	+/-	0.0332176148021	0.187907205451	+/-	0.0664352296041
1	HLT_PFHT800_v5	OnlineMonitor,JetHT	null	29.5249196565	+/-	1.44238671269	15.2204836415	+/-	1.03562273778	14.304436015	+/-	1.00397458828
1	HLT_Mu28NoFiltersNoVtxDisplaced_Photon28_CaloIdL_v5	OnlineMonitor,MuonEG	EXO	1.90256045519	+/-	0.366147930318	0.916047626574	+/-	0.254065899106	0.986512828618	+/-	0.263656643739
1	HLT_Rsq0p30_v4	OnlineMonitor,HTMHT	SUS	1.12744323271	+/-	0.281860808177	0.775117222486	+/-	0.233706635957	0.352326010221	+/-	0.157564981819
1	HLT_IsoMu22_v3	OnlineMonitor,SingleMuon	SMP,Top,Higgs ,MUO	123.384568779	+/-	2.94861299057	60.8114693641	+/-	2.07004649111	62.5730994152	+/-	2.0998157283
0	HLT_AK4PFJet30_v5	OnlineMonitor,HINPFJets	HIN	0.0	+/-	0.0	0.0	+/-	0.0	0.0	+/-	0.0
6	HLT_DiPFJetAve80_HFJEC_v6	OnlineMonitor,JetHT	FSQ,JME	0.0822094023848	+/-	0.0310722334488	0.0469768013628	+/-	0.0234884006814	0.0352326010221	+/-	0.0203415516843
1	HLT_JetE30_NoBPTX3BX_v3	OnlineMonitor,NoBPTX	EXO	0.211395606132	+/-	0.122049310106	0.0	+/-	0.0	0.211395606132	+/-	0.122049310106
0	HLT_PixelTracks_Multiplicity135ForEndOfFill_v3	OnlineMonitor,HighMultiplicityEOF	FSQ,HIN	0.0	+/-	0.0	0.0	+/-	0.0	0.0	+/-	0.0
1	HLT_Dimuon6_Jpsi_NoVertexing_v3	OnlineMonitor,Charmonium	BPH	1.47976924293	+/-	0.322912122228	0.775117222486	+/-	0.233706635957	0.704652020441	+/-	0.222830534243
0	HLT_AK4CaloJet100_v3	OnlineMonitor,HINCaloJets	HIN	0.0	+/-	0.0	0.0	+/-	0.0	0.0	+/-	0.0
0	HLT_Ele25_WPTight_Gsf_v6	OnlineMonitor,SingleElectron	EGM	0.0	+/-	0.0	0.0	+/-	0.0	0.0	+/-	0.0
30	HLT_PFHT650_4JetPt50_v4	OnlineMonitor,JetHT	EXO	0.0328837609539	+/-	0.0087885547913	0.016441880477	+/-	0.00621444668976	0.016441880477	+/-	0.00621444668976
1	HLT_Ele45_WPLoose_Gsf_v6	OnlineMonitor,SingleElectron	EGM	39.4605131447	+/-	1.6675110289	20.2939781887	+/-	1.19583413287	19.166534956	+/-	1.16214188383
1	HLT_Ele10_CaloIdM_TrackIdM_CentralPFJet30_BTagCSV_p13_v5	OnlineMonitor,DoubleEG	null	0.986512828618	+/-	0.263656643739	0.493256414309	+/-	0.186433400693	0.493256414309	+/-	0.186433400693
6	HLT_Photon75_R9Id90_HE10_Iso40_EBOnly_PFMET40_v7	OnlineMonitor,SinglePhoton	HIG	0.16441880477	+/-	0.0439427739565	0.0822094023848	+/-	0.0310722334488	0.0822094023848	+/-	0.0310722334488
626	HLT_TkMu20_v4	OnlineMonitor,SingleMuon	SMP	0.00146333486673	+/-	0.00040585606886	0.000900513764142	+/-	0.000318379694588	0.000562821102589	+/-	0.000251701248912
1	HLT_IsoMu21_eta2p1_LooseIsoPFTau20_SingleL1_v3	OnlineMonitor,SingleMuon	TAU,HIG	7.61024182077	+/-	0.732295860636	3.80512091038	+/-	0.517811368891	3.80512091038	+/-	0.517811368891
0	HLT_IsoMu20_v4	OnlineMonitor,ExpressPhysics,SingleMuon	SMP,MUO	0.0	+/-	0.0	0.0	+/-	0.0	0.0	+/-	0.0
1	HLT_Mu8_TrkIsoVVL_DiPFJet40_DEta3p5_MJJ750_HTT300_PFMETNoMu60_v2	OnlineMonitor,SingleMuon	null	0.352326010221	+/-	0.157564981819	0.0704652020441	+/-	0.0704652020441	0.281860808177	+/-	0.140930404088
1	HLT_TrkMu17_DoubleTrkMu8NoFiltersNoVtx_v4	OnlineMonitor,DoubleMuon	EXO PAG	0.84558242453	+/-	0.244098620212	0.422791212265	+/-	0.17260378963	0.422791212265	+/-	0.17260378963
1	HLT_TripleMu_12_10_5_v3	OnlineMonitor,DoubleMuon	HIG	1.69116484906	+/-	0.345207579261	0.84558242453	+/-	0.244098620212	0.84558242453	+/-	0.244098620212
0	HLT_DoubleEle8_CaloIdM_TrackIdM_Mass8_PFHT250_v5	OnlineMonitor,DoubleEG	null	0.0	+/-	0.0	0.0	+/-	0.0	0.0	+/-	0.0
1	HLT_Physics_v4	OnlineMonitor,ExpressPhysics,HLTPhysics	null	1108.27669775	+/-	8.83713423163	542.511590538	+/-	6.18289485909	565.765107212	+/-	6.31401240015
1	HLT_LooseIsoPFTau50_Trk30_eta2p1_MET120_v3	OnlineMonitor,Tau	HIG,TAU. EXO	2.53674727359	+/-	0.422791212265	1.26837363679	+/-	0.298958533219	1.26837363679	+/-	0.298958533219
1	HLT_Mu15_IsoVVVL_PFHT400_PFMET50_v3	OnlineMonitor,SingleMuon	SUS	2.04349085928	+/-	0.379466726176	0.986512828618	+/-	0.263656643739	1.05697803066	+/-	0.272910554004
1	HLT_Rsq0p02_MR450_TriPFJet80_60_40_DoubleBTagCSV_p063_Mbb60_200_v1	OnlineMonitor,BTagCSV	SUS	15.925135662	+/-	1.05932426669	7.46931141668	+/-	0.725483658056	8.4558242453	+/-	0.771907613575
0	HLT_AK4CaloJet30_v4	OnlineMonitor,HINCaloJets	HIN	0.0	+/-	0.0	0.0	+/-	0.0	0.0	+/-	0.0
1	HLT_Ele20_eta2p1_WPLoose_Gsf_LooseIsoPFTau28_v1	OnlineMonitor,SingleElectron	Tau,HIG,EXO	8.94908065961	+/-	0.794102497659	4.72116853696	+/-	0.576782536873	4.22791212265	+/-	0.545821108008
1	HLT_Mu42NoFiltersNoVtx_Photon42_CaloIdL_v5	OnlineMonitor,MuonEG	EXO	0.704652020441	+/-	0.222830534243	0.493256414309	+/-	0.186433400693	0.211395606132	+/-	0.122049310106
0	HLT_PixelTracks_Multiplicity85ForEndOfFill_v2	OnlineMonitor,HighMultiplicity85EOF	FSQ,HIN	0.0	+/-	0.0	0.0	+/-	0.0	0.0	+/-	0.0
0	HLT_Ele25_eta2p1_WPLoose_Gsf_v6	OnlineMonitor,SingleElectron	EGM	0.0	+/-	0.0	0.0	+/-	0.0	0.0	+/-	0.0
1	HLT_Photon90_CaloIdL_PFHT600_v6	OnlineMonitor,SinglePhoton	SUS,EXO	7.04652020441	+/-	0.704652020441	2.81860808177	+/-	0.445661068487	4.22791212265	+/-	0.545821108008
1	HLT_Photon22_R9Id90_HE10_Iso40_EBOnly_VBF_v6	OnlineMonitor,SinglePhoton	HIG	0.0	+/-	0.0	0.0	+/-	0.0	0.0	+/-	0.0
626	HLT_MET60_IsoTrk35_Loose_v2	OnlineMonitor,MET	EXO	0.0	+/-	0.0	0.0	+/-	0.0	0.0	+/-	0.0
1	HLT_HcalIsolatedbunch_v1	OnlineMonitor,Commissioning	HCAL DPG	0.0	+/-	0.0	0.0	+/-	0.0	0.0	+/-	0.0
0	HLT_DiCentralPFJet220_CFMax0p3_v3	OnlineMonitor,JetHT	EXO.	0.0	+/-	0.0	0.0	+/-	0.0	0.0	+/-	0.0
1	HLT_PFHT200_DiPFJetAve90_PFAlphaT0p63_v5	OnlineMonitor,HTMHT	SUS	12.6837363679	+/-	0.945389890914	5.84861176966	+/-	0.641968542864	6.83512459828	+/-	0.694001754908
1000	HLT_Diphoton30_18_Solid_R9Id_AND_IsoCaloId_AND_HE_R9Id_Mass55_v6	OnlineMonitor,DoubleEG	null	0.0	+/-	0.0	0.0	+/-	0.0	0.0	+/-	0.0
2	HLT_DiPFJetAve60_v6	OnlineMonitor,JetHT	JME	0.775117222486	+/-	0.165255547094	0.387558611243	+/-	0.116853317979	0.387558611243	+/-	0.116853317979
10000	HLT_Mu12_Photon25_CaloIdL_v6	OnlineMonitor,MuonEG	HIG	0.0	+/-	0.0	0.0	+/-	0.0	0.0	+/-	0.0
1	HLT_Rsq0p25_v4	OnlineMonitor,HTMHT	SUS	1.62069964702	+/-	0.33793923726	1.05697803066	+/-	0.272910554004	0.563721616353	+/-	0.199305688812
1	HLT_Mu38NoFiltersNoVtxDisplaced_DisplacedJet60_Loose_v3	OnlineMonitor,SingleMuon	EXO	3.0300036879	+/-	0.462071230507	1.47976924293	+/-	0.322912122228	1.55023444497	+/-	0.330511094187
3	HLT_DiPFJetAve140_v5	OnlineMonitor,JetHT	JME	0.258372407495	+/-	0.0779022119857	0.0939536027255	+/-	0.0469768013628	0.16441880477	+/-	0.0621444668976
1	HLT_PFMET300_v4	OnlineMonitor,MET	PPD	0.775117222486	+/-	0.233706635957	0.493256414309	+/-	0.186433400693	0.281860808177	+/-	0.140930404088
0	HLT_IsoMu17_eta2p1_LooseIsoPFTau20_SingleL1_v6	OnlineMonitor,SingleMuon	TAU,HIG	0.0	+/-	0.0	0.0	+/-	0.0	0.0	+/-	0.0
1	HLT_HT450to470_v3	OnlineMonitor,ParkingHT450to470,ParkingScoutingMonitor	EXO	80.8235867446	+/-	2.3864723694	39.6014435488	+/-	1.67048607325	41.2221431958	+/-	1.7043258635
1	HLT_L2DoubleMu38_NoVertex_2Cha_Angle2p5_Mass10_v4	OnlineMonitor,DoubleMuon	EXO	1.62069964702	+/-	0.33793923726	1.05697803066	+/-	0.272910554004	0.563721616353	+/-	0.199305688812
1	HLT_Mu27_Ele37_CaloIdL_GsfTrkIdVL_v4	OnlineMonitor,MuonEG	null	1.7616300511	+/-	0.352326010221	0.84558242453	+/-	0.244098620212	0.916047626574	+/-	0.254065899106
1	HLT_CaloJet500_NoJetID_v4	OnlineMonitor,JetHT	null	6.62372899215	+/-	0.683185481196	3.0300036879	+/-	0.462071230507	3.59372530425	+/-	0.503222197101
0	HLT_HT400_DisplacedDijet40_Inclusive_v4	OnlineMonitor,DisplacedJet	EXO	0.0	+/-	0.0	0.0	+/-	0.0	0.0	+/-	0.0
0	HLT_DiPFJetAve35_HFJEC_v4	OnlineMonitor,FSQJets	FSQ,JME	0.0	+/-	0.0	0.0	+/-	0.0	0.0	+/-	0.0
0	HLT_Dimuon10_Jpsi_Barrel_v5	OnlineMonitor,Charmonium	BPH	0.0	+/-	0.0	0.0	+/-	0.0	0.0	+/-	0.0
0	HLT_Mu8_TrkIsoVVL_Ele17_CaloIdL_TrackIdL_IsoVL_v7	OnlineMonitor,MuonEG	HIG	0.0	+/-	0.0	0.0	+/-	0.0	0.0	+/-	0.0
2	HLT_Ele17_CaloIdM_TrackIdM_PFJet30_v5	OnlineMonitor,DoubleEG	SUS	0.634186818397	+/-	0.149479266609	0.211395606132	+/-	0.0863018948151	0.422791212265	+/-	0.122049310106
72	HLT_AK8PFJet80_v2	OnlineMonitor,JetHT	SMP	0.0185949838728	+/-	0.00426598187148	0.010765516979	+/-	0.0032459254994	0.00782946689379	+/-	0.00276813456684
1	HLT_IsoMu22_eta2p1_v2	OnlineMonitor,SingleMuon	TAU,HIG	112.532927665	+/-	2.81596439688	55.6675096149	+/-	1.98056111047	56.8654180496	+/-	2.00175752083
380	HLT_HT350_DisplacedDijet40_Inclusive_v3	OnlineMonitor,DisplacedJet	EXO	0.000185434742221	+/-	0.000185434742221	0.000185434742221	+/-	0.000185434742221	0.0	+/-	0.0
70	HLT_AK8PFJet60_v2	OnlineMonitor,JetHT	SMP	0.0201329148698	+/-	0.0045018566234	0.00905981169139	+/-	0.00301993723046	0.0110731031784	+/-	0.00333866622796
1	HLT_CaloMHTNoPU90_PFMET90_PFMHT90_IDTight_BTagCSV_p067_v4	OnlineMonitor,MET	HIG ,Hbb	5.28489015331	+/-	0.61024655053	2.88907328381	+/-	0.451197443104	2.3958168695	+/-	0.41087920338
1	HLT_Mu40_eta2p1_PFJet200_PFJet50_v5	OnlineMonitor,SingleMuon	B2G	2.18442126337	+/-	0.392333640761	0.986512828618	+/-	0.263656643739	1.19790843475	+/-	0.290535470959
0	HLT_DiPFJet15_FBEta3_NoCaloMatched_v4	OnlineMonitor,FSQJets	FSQ	0.0	+/-	0.0	0.0	+/-	0.0	0.0	+/-	0.0
0	HLT_PixelTracks_Multiplicity110ForEndOfFill_v3	OnlineMonitor,HighMultiplicityEOF	FSQ,HIN	0.0	+/-	0.0	0.0	+/-	0.0	0.0	+/-	0.0
1	HLT_RsqMR270_Rsq0p09_MR200_v4	OnlineMonitor,HTMHT	SUS	6.34186818397	+/-	0.66849160273	3.0300036879	+/-	0.462071230507	3.31186449608	+/-	0.483085086562
1	HLT_Mu38NoFiltersNoVtx_DisplacedJet60_Loose_v3	OnlineMonitor,SingleMuon	EXO	6.90558980033	+/-	0.697569910843	3.38232969812	+/-	0.488197240424	3.52326010221	+/-	0.498264222031
0	HLT_DiPFJet25_NoCaloMatched_v3	OnlineMonitor,FSQJets	FSQ	0.0	+/-	0.0	0.0	+/-	0.0	0.0	+/-	0.0
21	HLT_PFMET170_BeamHaloCleaned_v4	OnlineMonitor,MET	JME	0.0436213155511	+/-	0.0120983761479	0.0301993723046	+/-	0.0100664574349	0.0134219432465	+/-	0.00671097162325
1	HLT_DoubleMu3_PFMET50_v3	OnlineMonitor,MET	SUS	3.94605131447	+/-	0.527313287478	2.11395606132	+/-	0.385953806787	1.83209525315	+/-	0.359303440252
3360	HLT_HT275_v3	OnlineMonitor,DisplacedJet	EXO	0.00031457679484	+/-	8.12233791679e-05	0.000167774290581	+/-	5.93171692894e-05	0.000146802504259	+/-	5.54861311586e-05
4	HLT_Photon120_R9Id90_HE10_IsoM_v7	OnlineMonitor,SinglePhoton	SMP,SUS	0.387558611243	+/-	0.0826277735468	0.264244507666	+/-	0.068227638501	0.123314103577	+/-	0.0466083501732
0	HLT_L1MinimumBiasHF_OR_v2	OnlineMonitor,L1MinimumBias	null	0.0	+/-	0.0	0.0	+/-	0.0	0.0	+/-	0.0
36	HLT_PFJet80_v6	OnlineMonitor,JetHT	SMP	0.0274031341283	+/-	0.00732379565942	0.0195736672345	+/-	0.00618973706232	0.00782946689379	+/-	0.0039147334469
1	HLT_PFHT350_DiPFJetAve90_PFAlphaT0p53_v5	OnlineMonitor,HTMHT	SUS	4.58023813287	+/-	0.568108621166	2.3958168695	+/-	0.41087920338	2.18442126337	+/-	0.392333640761
1	HLT_L1FatEvents_v1	OnlineMonitor,ExpressPhysics,HLTPhysics	null	1108.27669775	+/-	8.83713423163	542.511590538	+/-	6.18289485909	565.765107212	+/-	6.31401240015
87	HLT_SingleCentralPFJet170_CFMax0p1_v3	OnlineMonitor,JetHT	EXO.	0.00971933821299	+/-	0.00280573126681	0.00404972425541	+/-	0.00181109174505	0.00566961395758	+/-	0.00214291265164
1	HLT_HT2500_v3	OnlineMonitor,ExpressPhysics,JetHT	PPD	0.0	+/-	0.0	0.0	+/-	0.0	0.0	+/-	0.0
1	HLT_Ele23_Ele12_CaloIdL_TrackIdL_IsoVL_DZ_v8	OnlineMonitor,ExpressPhysics,HLTMonitor,DoubleEG	HIG	8.80815025552	+/-	0.787824909095	5.4258205574	+/-	0.618329638488	3.38232969812	+/-	0.488197240424
1	HLT_MET700_v3	OnlineMonitor,ExpressPhysics,MET	PPD,AlCa	0.0	+/-	0.0	0.0	+/-	0.0	0.0	+/-	0.0
19	HLT_AK8PFJet200_v2	OnlineMonitor,JetHT	SMP	0.0482130329776	+/-	0.0133718894266	0.0185434742221	+/-	0.00829289377995	0.0296695587554	+/-	0.0104897730954
0	HLT_Mu33NoFiltersNoVtxDisplaced_DisplacedJet50_Tight_v3	OnlineMonitor,SingleMuon	EXO	0.0	+/-	0.0	0.0	+/-	0.0	0.0	+/-	0.0
1	HLT_DoubleJetsC100_DoubleBTagCSV_p014_DoublePFJetsC100MaxDeta1p6_v3	OnlineMonitor,BTagCSV	Higgs,Analysis	13.9521100047	+/-	0.991533282561	7.11698540646	+/-	0.708166516161	6.83512459828	+/-	0.694001754908
1	HLT_DoubleMu4_JpsiTrk_Displaced_v5	OnlineMonitor,Charmonium	BPH	21.4214214214	+/-	1.22860277899	10.6402455087	+/-	0.865890899344	10.7811759128	+/-	0.871606412876
1	HLT_DiPFJetAve100_HFJEC_v6	OnlineMonitor,JetHT	FSQ,JME	0.916047626574	+/-	0.254065899106	0.422791212265	+/-	0.17260378963	0.493256414309	+/-	0.186433400693
0	HLT_L1BptxXOR_v2	OnlineMonitor,Commissioning	null	0.0	+/-	0.0	0.0	+/-	0.0	0.0	+/-	0.0
1	HLT_Ele27_HighEta_Ele20_Mass55_v6	OnlineMonitor,DoubleEG	ECAL DPG	1.12744323271	+/-	0.281860808177	0.563721616353	+/-	0.199305688812	0.563721616353	+/-	0.199305688812
1	HLT_HT350_DisplacedDijet80_DisplacedTrack_v4	OnlineMonitor,DisplacedJet	EXO	0.84558242453	+/-	0.244098620212	0.563721616353	+/-	0.199305688812	0.281860808177	+/-	0.140930404088
1	HLT_Mu10_CentralPFJet30_BTagCSV_p13_v3	OnlineMonitor,DoubleMuon	null	2.04349085928	+/-	0.379466726176	0.563721616353	+/-	0.199305688812	1.47976924293	+/-	0.322912122228
1	HLT_VBF_DisplacedJet40_DisplacedTrack_2TrackIP2DSig5_v3	OnlineMonitor,DisplacedJet	EXO	4.36884252674	+/-	0.554843555739	2.11395606132	+/-	0.385953806787	2.25488646541	+/-	0.398611377625
35	HLT_AK8DiPFJet280_200_TrimMass30_v3	OnlineMonitor,JetHT	B2G PAG	0.0221462063567	+/-	0.00667733245592	0.0140930404088	+/-	0.00532666859122	0.0080531659479	+/-	0.00402658297395
1	HLT_Mu8_TrkIsoVVL_Ele23_CaloIdL_TrackIdL_IsoVL_DZ_v1	OnlineMonitor,MuonEG	HIG	4.791633739	+/-	0.581070941917	2.11395606132	+/-	0.385953806787	2.67767767768	+/-	0.434376678203
1	HLT_AK8PFJet450_v3	OnlineMonitor,JetHT	SMP	12.8951319741	+/-	0.953235584701	6.41233338602	+/-	0.672195185657	6.48279858806	+/-	0.67587847452
1	HLT_DoubleEle8_CaloIdM_TrackIdM_Mass8_PFHT300_v8	OnlineMonitor,DoubleEG	null	3.24139929403	+/-	0.477918252591	1.33883883884	+/-	0.307150694747	1.90256045519	+/-	0.366147930318
1	HLT_DoubleEle24_22_eta2p1_WPLoose_Gsf_v7	OnlineMonitor,DoubleEG	TAU,HIG	2.60721247563	+/-	0.428623090684	1.55023444497	+/-	0.330511094187	1.05697803066	+/-	0.272910554004
1	HLT_Mu17_TrkIsoVVL_TkMu8_TrkIsoVVL_DZ_v3	OnlineMonitor,DoubleMuon	MUO	13.3179231863	+/-	0.968736366683	6.55326379011	+/-	0.679541799317	6.76465939624	+/-	0.690415158521
1	HLT_MonoCentralPFJet80_PFMETNoMu110_PFMHTNoMu110_IDTight_v5	OnlineMonitor,MET	EXO	9.65373268005	+/-	0.824774044075	5.07349454718	+/-	0.597917066437	4.58023813287	+/-	0.568108621166
640	HLT_PFHT350_v6	OnlineMonitor,HLTMonitor,JetHT	SUS	0.00297275071124	+/-	0.000572106141122	0.00143132441652	+/-	0.000396977967353	0.00154142629472	+/-	0.000411963505842
1	HLT_DoubleJetsC100_DoubleBTagCSV_p026_DoublePFJetsC160_v3	OnlineMonitor,BTagCSV	Higgs,Analysis	9.16047626574	+/-	0.803426916954	4.43930772878	+/-	0.559300202078	4.72116853696	+/-	0.576782536873
5	HLT_Ele23_CaloIdL_TrackIdL_IsoVL_v7	OnlineMonitor,DoubleEG	HIG	0.126837363679	+/-	0.0422791212265	0.0704652020441	+/-	0.0315129963638	0.0563721616353	+/-	0.0281860808177
0	HLT_AK8PFHT600_TrimR0p1PT0p03Mass50_BTagCSV_p20_v4	OnlineMonitor,JetHT	B2G	0.0	+/-	0.0	0.0	+/-	0.0	0.0	+/-	0.0
1	HLT_RsqMR270_Rsq0p09_MR200_4jet_v4	OnlineMonitor,HTMHT	SUS	1.47976924293	+/-	0.322912122228	0.704652020441	+/-	0.222830534243	0.775117222486	+/-	0.233706635957
1	HLT_DoubleEle33_CaloIdL_MW_v7	OnlineMonitor,DoubleEG	EXO	10.1469890944	+/-	0.84558242453	5.56675096149	+/-	0.626308415424	4.58023813287	+/-	0.568108621166
0	HLT_Mu8_Ele8_CaloIdM_TrackIdM_Mass8_PFHT250_v5	OnlineMonitor,MuonEG	null	0.0	+/-	0.0	0.0	+/-	0.0	0.0	+/-	0.0
1	HLT_QuadMuon0_Dimuon0_Jpsi_v3	OnlineMonitor,Charmonium	BPH	0.563721616353	+/-	0.199305688812	0.281860808177	+/-	0.140930404088	0.281860808177	+/-	0.140930404088
1	HLT_Mu17_Mu8_SameSign_DZ_v3	OnlineMonitor,DoubleMuon	null	4.791633739	+/-	0.581070941917	1.97302565724	+/-	0.372866801385	2.81860808177	+/-	0.445661068487
1	HLT_Mu20_Mu10_SameSign_v2	OnlineMonitor,DoubleMuon	Higgs	3.45279490016	+/-	0.493256414309	1.55023444497	+/-	0.330511094187	1.90256045519	+/-	0.366147930318
1	HLT_Photon135_PFMET100_v6	OnlineMonitor,SinglePhoton	EXO	1.40930404088	+/-	0.315129963638	0.704652020441	+/-	0.222830534243	0.704652020441	+/-	0.222830534243
60	HLT_AK8PFJet40_v3	OnlineMonitor,JetHT	SMP	0.0458023813287	+/-	0.00733425076204	0.0223139806473	+/-	0.00511917824578	0.0234884006814	+/-	0.00525216606063
0	HLT_VBF_DisplacedJet40_TightID_DisplacedTrack_v3	OnlineMonitor,DisplacedJet	EXO	0.0	+/-	0.0	0.0	+/-	0.0	0.0	+/-	0.0
1	HLT_QuadPFJet_BTagCSV_p016_p11_VBF_Mqq240_v3	OnlineMonitor,HLTMonitor,BTagCSV	HIG ,Hbb	12.2609451557	+/-	0.929499853495	5.07349454718	+/-	0.597917066437	7.1874506085	+/-	0.711663656028
0	HLT_PixelTracks_Multiplicity160ForEndOfFill_v3	OnlineMonitor,HighMultiplicityEOF	FSQ,HIN	0.0	+/-	0.0	0.0	+/-	0.0	0.0	+/-	0.0
0	HLT_HISinglePhoton15_v3	OnlineMonitor,HINPhoton	HIN	0.0	+/-	0.0	0.0	+/-	0.0	0.0	+/-	0.0
100	HLT_Photon120_v6	OnlineMonitor,SinglePhoton	SMP	0.00281860808177	+/-	0.00140930404088	0.0	+/-	0.0	0.00281860808177	+/-	0.00140930404088
1	HLT_ZeroBias_FirstCollisionInTrain_v1	OnlineMonitor,ZeroBiasFirstBunchInTrain	null	19.3074653601	+/-	1.16640663902	10.5697803066	+/-	0.863018948151	8.73768505347	+/-	0.784667281522
2	HLT_Ele23_CaloIdM_TrackIdM_PFJet30_v7	OnlineMonitor,DoubleEG	SUS	0.211395606132	+/-	0.0863018948151	0.0352326010221	+/-	0.0352326010221	0.17616300511	+/-	0.0787824909095
1	HLT_DoubleMu38NoFiltersNoVtx_v3	OnlineMonitor,DoubleMuon	EXO	2.25488646541	+/-	0.398611377625	1.26837363679	+/-	0.298958533219	0.986512828618	+/-	0.263656643739
26	HLT_Photon75_R9Id90_HE10_IsoM_v7	OnlineMonitor,SinglePhoton	SMP,SUS	0.0406530011793	+/-	0.0104965597694	0.0189714005503	+/-	0.00717051541126	0.021681600629	+/-	0.00766560341586
10	HLT_Ele17_CaloIdL_GsfTrkIdVL_v5	OnlineMonitor,DoubleEG	null	0.0986512828618	+/-	0.0263656643739	0.0211395606132	+/-	0.0122049310106	0.0775117222486	+/-	0.0233706635957
1	HLT_Ele15_IsoVVVL_PFHT400_PFMET50_v4	OnlineMonitor,SingleElectron	SUS	1.26837363679	+/-	0.298958533219	0.493256414309	+/-	0.186433400693	0.775117222486	+/-	0.233706635957
1	HLT_Photon120_R9Id90_HE10_Iso40_EBOnly_VBF_v6	OnlineMonitor,SinglePhoton	HIG	0.493256414309	+/-	0.186433400693	0.422791212265	+/-	0.17260378963	0.0704652020441	+/-	0.0704652020441
2000	HLT_PFTau120_eta2p1_v3	OnlineMonitor,Tau	tau-pog	0.000140930404088	+/-	7.04652020441e-05	7.04652020441e-05	+/-	4.98264222031e-05	7.04652020441e-05	+/-	4.98264222031e-05
1	HLT_BTagMu_Jet300_Mu5_v3	OnlineMonitor,BTagMu	BTV	3.31186449608	+/-	0.483085086562	1.55023444497	+/-	0.330511094187	1.7616300511	+/-	0.352326010221
1	HLT_Mu23_TrkIsoVVL_Ele12_CaloIdL_TrackIdL_IsoVL_v7	OnlineMonitor,MuonEG	HIG	2.53674727359	+/-	0.422791212265	0.916047626574	+/-	0.254065899106	1.62069964702	+/-	0.33793923726
1	HLT_JetE30_NoBPTX_v3	OnlineMonitor,NoBPTX	EXO	2.04349085928	+/-	0.379466726176	1.19790843475	+/-	0.290535470959	0.84558242453	+/-	0.244098620212
1	HLT_Ele24_eta2p1_WPLoose_Gsf_LooseIsoPFTau30_v2	OnlineMonitor,SingleElectron	null	5.84861176966	+/-	0.641968542864	3.45279490016	+/-	0.493256414309	2.3958168695	+/-	0.41087920338
40	HLT_CaloMHTNoPU90_PFMET90_PFMHT90_IDTight_v5	OnlineMonitor,MET	HIG ,Hbb	0.0123314103577	+/-	0.00466083501732	0.0105697803066	+/-	0.00431509474076	0.0017616300511	+/-	0.0017616300511
1	HLT_DoubleMu28NoFiltersNoVtxDisplaced_v3	OnlineMonitor,DoubleMuon	EXO	0.422791212265	+/-	0.17260378963	0.281860808177	+/-	0.140930404088	0.140930404088	+/-	0.0996528444062
7826	HLT_L1SingleMu18_v1	OnlineMonitor,SingleMuon	MUO	0.000117051830638	+/-	3.24643367117e-05	5.4023921833e-05	+/-	2.20551737325e-05	6.30279088051e-05	+/-	2.38223103364e-05
1	HLT_Ele27_eta2p1_WPTight_Gsf_v7	OnlineMonitor,SingleElectron	Egamma	86.5312681102	+/-	2.4693001621	43.4065644592	+/-	1.74890032153	43.124703651	+/-	1.74321282575
16	HLT_DiPFJetAve320_v6	OnlineMonitor,JetHT	JME	0.127718178705	+/-	0.023716670386	0.0792733522997	+/-	0.0186849083262	0.0484448264054	+/-	0.0146066647473
1	HLT_Ele27_eta2p1_WPLoose_Gsf_HT200_v7	OnlineMonitor,SingleElectron	ttH	7.53977661872	+/-	0.728897717657	4.08698171856	+/-	0.536646990627	3.45279490016	+/-	0.493256414309
1	HLT_Mu25_TkMu0_dEta18_Onia_v4	OnlineMonitor,MuOnia	BPH	3.0300036879	+/-	0.462071230507	1.55023444497	+/-	0.330511094187	1.47976924293	+/-	0.322912122228
1	HLT_PFJet450_v7	OnlineMonitor,JetHT	SMP	9.72419788209	+/-	0.827778695352	4.58023813287	+/-	0.568108621166	5.14395974922	+/-	0.60205495018
600	HLT_Mu28NoFiltersNoVtx_CentralCaloJet40_v3	OnlineMonitor,SingleMuon	EXO	0.000117442003407	+/-	0.000117442003407	0.000117442003407	+/-	0.000117442003407	0.0	+/-	0.0
1	HLT_AK8PFHT700_TrimR0p1PT0p03Mass50_v6	OnlineMonitor,JetHT	B2G	19.4483957642	+/-	1.17065585761	8.80815025552	+/-	0.787824909095	10.6402455087	+/-	0.865890899344
1	HLT_JetE70_NoBPTX3BX_v2	OnlineMonitor,NoBPTX	EXO	0.916047626574	+/-	0.254065899106	0.352326010221	+/-	0.157564981819	0.563721616353	+/-	0.199305688812
1	HLT_Ele27_eta2p1_WPLoose_Gsf_DoubleMediumIsoPFTau35_Trk1_eta2p1_Reg_v7	OnlineMonitor,SingleElectron	TAU,HIG,EXO	1.97302565724	+/-	0.372866801385	1.33883883884	+/-	0.307150694747	0.634186818397	+/-	0.211395606132
135	HLT_L2Mu10_NoVertex_NoBPTX_v3	OnlineMonitor,NoBPTX	EXO	0.00260982229793	+/-	0.00116714801347	0.0	+/-	0.0	0.00260982229793	+/-	0.00116714801347
60	HLT_DiSC30_18_EIso_AND_HE_Mass70_v5	OnlineMonitor,Commissioning	null	0.0305349208858	+/-	0.00598839067087	0.017616300511	+/-	0.0045485092334	0.0129186203748	+/-	0.00389511059928
30	HLT_PFJet320_v7	OnlineMonitor,JetHT	SMP	0.051674481499	+/-	0.0110170364729	0.0328837609539	+/-	0.0087885547913	0.0187907205451	+/-	0.00664352296041
18	HLT_PFHT450_SixJet40_v5	OnlineMonitor,JetHT	HIG	0.0782946689379	+/-	0.0175072202021	0.0274031341283	+/-	0.0103574111496	0.0508915348097	+/-	0.0141147721726
0	HLT_Mu16_TkMu0_dEta18_Onia_v3	OnlineMonitor,MuOnia	BPH	0.0	+/-	0.0	0.0	+/-	0.0	0.0	+/-	0.0
1	HLT_AK8DiPFJet280_200_TrimMass30_BTagCSV_p20_v3	OnlineMonitor,JetHT	B2G PAG	28.679337232	+/-	1.42158196828	13.3179231863	+/-	0.968736366683	15.3614140456	+/-	1.04040624009
1	HLT_DoubleMu4_LowMassNonResonantTrk_Displaced_v5	OnlineMonitor,DoubleMuonLowMass	BPH	37.5579526895	+/-	1.62681551647	19.6597913703	+/-	1.17700092228	17.8981613192	+/-	1.1230305221
12	HLT_DiPFJetAve200_v5	OnlineMonitor,JetHT	JME	0.0411047011924	+/-	0.0155361167244	0.0234884006814	+/-	0.0117442003407	0.017616300511	+/-	0.0101707758422
0	HLT_Ele15_IsoVVVL_PFHT350_v6	OnlineMonitor,SingleElectron	SUS	0.0	+/-	0.0	0.0	+/-	0.0	0.0	+/-	0.0
1	HLT_PFMETNoMu120_PFMHTNoMu120_IDTight_v5	OnlineMonitor,MET	EXO	6.76465939624	+/-	0.690415158521	3.38232969812	+/-	0.488197240424	3.38232969812	+/-	0.488197240424
1	HLT_IsoMu16_eta2p1_MET30_v2	OnlineMonitor,SingleMuon	HIG,TAU	30.2295716769	+/-	1.45949747376	14.9386228334	+/-	1.0259888285	15.2909488436	+/-	1.03801724442
26	HLT_TripleMu_5_3_3_v2	OnlineMonitor,DoubleMuon	SUS	0.0677550019655	+/-	0.0135510003931	0.0271020007862	+/-	0.00857040516321	0.0406530011793	+/-	0.0104965597694
1	HLT_BTagMu_DiJet40_Mu5_v3	OnlineMonitor,BTagMu	BTV	4.791633739	+/-	0.581070941917	2.04349085928	+/-	0.379466726176	2.74814287972	+/-	0.440055045722
1	HLT_PFHT250_v4	OnlineMonitor,JetHT	SUS	0.84558242453	+/-	0.244098620212	0.211395606132	+/-	0.122049310106	0.634186818397	+/-	0.211395606132
1	HLT_Ele27_WPTight_Gsf_L1JetTauSeeded_v3	OnlineMonitor,SingleElectron	EGM	1.05697803066	+/-	0.272910554004	0.563721616353	+/-	0.199305688812	0.493256414309	+/-	0.186433400693
0	HLT_Dimuon8_PsiPrime_Barrel_v5	OnlineMonitor,Charmonium	BPH	0.0	+/-	0.0	0.0	+/-	0.0	0.0	+/-	0.0
3	HLT_Mu7p5_Track7_Jpsi_v3	OnlineMonitor,Charmonium	BPH	0.140930404088	+/-	0.0575345965434	0.0234884006814	+/-	0.0234884006814	0.117442003407	+/-	0.0525216606063
1	HLT_Photon500_v5	OnlineMonitor,ExpressPhysics,SinglePhoton	PPD	0.140930404088	+/-	0.0996528444062	0.0	+/-	0.0	0.140930404088	+/-	0.0996528444062
0	HLT_PFMETNoMu90_PFMHTNoMu90_IDTight_v5	OnlineMonitor,MET	EXO	0.0	+/-	0.0	0.0	+/-	0.0	0.0	+/-	0.0
0	HLT_DiPFJet25_FBEta3_NoCaloMatched_v4	OnlineMonitor,FSQJets	FSQ	0.0	+/-	0.0	0.0	+/-	0.0	0.0	+/-	0.0
1	HLT_Ele25_eta2p1_WPTight_Gsf_v6	OnlineMonitor,SingleElectron	EGM	95.691744376	+/-	2.59671679268	47.7754069859	+/-	1.8348034516	47.91633739	+/-	1.8375076586
1	HLT_Mu17_TrkIsoVVL_TkMu8_TrkIsoVVL_v3	OnlineMonitor,DoubleMuon	MUO	22.0556082398	+/-	1.24665668523	9.93559348823	+/-	0.836727914304	12.1200147516	+/-	0.924142461014
1	HLT_Diphoton30PV_18PV_R9Id_AND_IsoCaloId_AND_HE_R9Id_DoublePixelVeto_Mass55_v6	OnlineMonitor,DoubleEG	null	11.6267583373	+/-	0.90514190896	6.55326379011	+/-	0.679541799317	5.07349454718	+/-	0.597917066437
40	HLT_PFHT600_v6	OnlineMonitor,JetHT	SUS	0.0933663927085	+/-	0.0128248603563	0.0581337916864	+/-	0.0101197941886	0.0352326010221	+/-	0.00787824909095
1	HLT_PFHT300_PFMET110_v4	OnlineMonitor,HTMHT	SUS,EXO	5.4258205574	+/-	0.618329638488	2.74814287972	+/-	0.440055045722	2.67767767768	+/-	0.434376678203
1	HLT_IsoMu24_v2	OnlineMonitor,ExpressPhysics,SingleMuon	SMP,Top,Higgs ,MUO	105.768268268	+/-	2.73001509032	51.5805278963	+/-	1.9064711694	54.187740372	+/-	1.9540598951
1	HLT_Ele45_CaloIdVT_GsfTrkIdT_PFJet200_PFJet50_v7	OnlineMonitor,SingleElectron	B2G	5.91907697171	+/-	0.645824244455	2.18442126337	+/-	0.392333640761	3.73465570834	+/-	0.512994414252
1	HLT_Mu33_Ele33_CaloIdL_GsfTrkIdVL_v1	OnlineMonitor,MuonEG	EXO	1.55023444497	+/-	0.330511094187	0.704652020441	+/-	0.222830534243	0.84558242453	+/-	0.244098620212
0	HLT_Mu16_TkMu0_dEta18_Phi_v3	OnlineMonitor,MuOnia	BPH	0.0	+/-	0.0	0.0	+/-	0.0	0.0	+/-	0.0
0	HLT_L1NotBptxOR_v2	OnlineMonitor,EmptyBX	null	0.0	+/-	0.0	0.0	+/-	0.0	0.0	+/-	0.0
3	HLT_BTagMu_DiJet170_Mu5_v2	OnlineMonitor,BTagMu	BTV	1.52674604429	+/-	0.189369540389	0.68116361976	+/-	0.126488908725	0.84558242453	+/-	0.140930404088
0	HLT_VBF_DisplacedJet40_Hadronic_2PromptTrack_v3	OnlineMonitor,DisplacedJet	EXO	0.0	+/-	0.0	0.0	+/-	0.0	0.0	+/-	0.0
0	HLT_AK4PFJet50_v5	OnlineMonitor,HINPFJets	HIN	0.0	+/-	0.0	0.0	+/-	0.0	0.0	+/-	0.0
1	HLT_IsoTkMu22_eta2p1_v3	OnlineMonitor,SingleMuon	SMP,MUO	102.808729782	+/-	2.69154935233	51.9328539065	+/-	1.91297126044	50.8758758759	+/-	1.89340404372
5	HLT_BTagMu_DiJet70_Mu5_v3	OnlineMonitor,BTagMu	BTV	0.972419788209	+/-	0.117065585761	0.422791212265	+/-	0.0771907613575	0.549628575944	+/-	0.0880110091445
39	HLT_DiPFJetAve80_v5	OnlineMonitor,JetHT	JME	0.0126476003669	+/-	0.00478034360751	0.00542040015724	+/-	0.0031294694899	0.00722720020966	+/-	0.00361360010483
1	HLT_L1FatEvents_part3_v1	HLTPhysics3	null	0.0	+/-	0.0	0.0	+/-	0.0	0.0	+/-	0.0
80	HLT_PFHT400_SixJet30_v5	OnlineMonitor,JetHT	HIG	0.0149738554344	+/-	0.00363169338698	0.00792733522997	+/-	0.00264244507666	0.00704652020441	+/-	0.00249132111015
2000	HLT_Photon50_v6	OnlineMonitor,SinglePhoton	SMP	0.000246628207155	+/-	9.32167003464e-05	0.000140930404088	+/-	7.04652020441e-05	0.000105697803066	+/-	6.1024655053e-05
4	HLT_Photon50_R9Id90_HE10_Iso40_EBOnly_VBF_v6	OnlineMonitor,SinglePhoton	HIG	0.440407512776	+/-	0.0880815025552	0.246628207155	+/-	0.0659141609348	0.193779305621	+/-	0.0584266589893
3	HLT_IsoTrackHE_v2	OnlineMonitor,Commissioning	null	0.587210017035	+/-	0.117442003407	0.328837609539	+/-	0.087885547913	0.258372407495	+/-	0.0779022119857
10	HLT_Ele23_Ele12_CaloIdL_TrackIdL_IsoVL_v8	OnlineMonitor,DoubleEG	HIG	0.225488646541	+/-	0.0398611377625	0.105697803066	+/-	0.0272910554004	0.119790843475	+/-	0.0290535470959
0	HLT_Ele17_Ele12_CaloIdL_TrackIdL_IsoVL_DZ_v8	OnlineMonitor,ExpressPhysics,DoubleEG	HIG	0.0	+/-	0.0	0.0	+/-	0.0	0.0	+/-	0.0
1	HLT_Photon175_v7	OnlineMonitor,SinglePhoton	Egamma	8.80815025552	+/-	0.787824909095	4.22791212265	+/-	0.545821108008	4.58023813287	+/-	0.568108621166
1	HLT_Ele8_CaloIdL_TrackIdL_IsoVL_PFJet30_v5	OnlineMonitor,DoubleEG	SUS	1.12744323271	+/-	0.281860808177	0.563721616353	+/-	0.199305688812	0.563721616353	+/-	0.199305688812
0	HLT_Ele30WP60_Ele8_Mass55_v7	OnlineMonitor,DoubleEG	EGM	0.0	+/-	0.0	0.0	+/-	0.0	0.0	+/-	0.0
1	HLT_Mu30_Ele30_CaloIdL_GsfTrkIdVL_v6	OnlineMonitor,EventDisplay,MuonEG	EXO	2.18442126337	+/-	0.392333640761	0.916047626574	+/-	0.254065899106	1.26837363679	+/-	0.298958533219
0	HLT_PFMET90_PFMHT90_IDTight_v5	OnlineMonitor,MET	HIG ,Hbb	0.0	+/-	0.0	0.0	+/-	0.0	0.0	+/-	0.0
0	HLT_VBF_DisplacedJet40_TightID_Hadronic_v3	OnlineMonitor,DisplacedJet	EXO	0.0	+/-	0.0	0.0	+/-	0.0	0.0	+/-	0.0
0	HLT_PFJet15_NoCaloMatched_v5	OnlineMonitor,FSQJets	FSQ	0.0	+/-	0.0	0.0	+/-	0.0	0.0	+/-	0.0
91	HLT_AK8PFJet260_v3	OnlineMonitor,JetHT	SMP	0.0263276579066	+/-	0.0045151560811	0.0116151431941	+/-	0.00299901707697	0.0147125147125	+/-	0.00337528235985
3	HLT_Mu7p5_Track2_Upsilon_v3	OnlineMonitor,MuOnia	BPH	0.0939536027255	+/-	0.0469768013628	0.0234884006814	+/-	0.0234884006814	0.0704652020441	+/-	0.0406831033687
1	HLT_Dimuon13_PsiPrime_v4	OnlineMonitor,Charmonium	BPH	4.791633739	+/-	0.581070941917	2.53674727359	+/-	0.422791212265	2.25488646541	+/-	0.398611377625
0	HLT_DoubleEle33_CaloIdL_GsfTrkIdVL_v8	OnlineMonitor,DoubleEG	EXO	0.0	+/-	0.0	0.0	+/-	0.0	0.0	+/-	0.0
30	HLT_AK8PFJet320_v3	OnlineMonitor,JetHT	SMP	0.0587210017035	+/-	0.0117442003407	0.0305349208858	+/-	0.00846886330354	0.0281860808177	+/-	0.00813662067374
1	HLT_Mu14er_PFMET100_v3	OnlineMonitor,MET	JME,SUS	2.04349085928	+/-	0.379466726176	1.05697803066	+/-	0.272910554004	0.986512828618	+/-	0.263656643739
1	HLT_Mu10_TrkIsoVVL_DiPFJet40_DEta3p5_MJJ750_HTT350_PFMETNoMu60_v3	OnlineMonitor,SingleMuon	null	0.0704652020441	+/-	0.0704652020441	0.0704652020441	+/-	0.0704652020441	0.0	+/-	0.0
1	HLT_TrkMu15_DoubleTrkMu5NoFiltersNoVtx_v4	OnlineMonitor,DoubleMuon	EXO PAG	0.986512828618	+/-	0.263656643739	0.563721616353	+/-	0.199305688812	0.422791212265	+/-	0.17260378963
0	HLT_Mu16_eta2p1_MET30_v2	OnlineMonitor,SingleMuon	HIG,TAU	0.0	+/-	0.0	0.0	+/-	0.0	0.0	+/-	0.0
0	HLT_HISinglePhoton60_v3	OnlineMonitor,EventDisplay,HINPhoton	Egamma	0.0	+/-	0.0	0.0	+/-	0.0	0.0	+/-	0.0
1	HLT_VBF_DisplacedJet40_VTightID_Hadronic_v3	OnlineMonitor,DisplacedJet	EXO	2.67767767768	+/-	0.434376678203	1.33883883884	+/-	0.307150694747	1.33883883884	+/-	0.307150694747
0	HLT_Ele30WP60_SC4_Mass55_v8	OnlineMonitor,DoubleEG	HIG	0.0	+/-	0.0	0.0	+/-	0.0	0.0	+/-	0.0
1	HLT_ZeroBias_FirstBXAfterTrain_v1	OnlineMonitor,ZeroBiasFirstBunchAfterTrain	null	18.2504873294	+/-	1.13403010413	8.4558242453	+/-	0.771907613575	9.79466308414	+/-	0.830772479791
1	HLT_Ele27_WPTight_Gsf_v6	OnlineMonitor,HLTMonitor,SingleElectron	EGM	105.345477056	+/-	2.72455323405	53.0602971392	+/-	1.93362472017	52.2851799168	+/-	1.91944933946
30	HLT_Ele17_Ele12_CaloIdL_TrackIdL_IsoVL_v8	OnlineMonitor,DoubleEG	HIG	0.0258372407495	+/-	0.00779022119857	0.0140930404088	+/-	0.00575345965434	0.0117442003407	+/-	0.00525216606063
1	HLT_Mu6_PFHT200_PFMET100_v3	OnlineMonitor,MET	JME	2.11395606132	+/-	0.385953806787	1.26837363679	+/-	0.298958533219	0.84558242453	+/-	0.244098620212
0	HLT_Mu15_IsoVVVL_PFHT350_PFMET50_v5	OnlineMonitor,SingleMuon	SUS	0.0	+/-	0.0	0.0	+/-	0.0	0.0	+/-	0.0
0	HLT_DiPFJetAve15_HFJEC_v4	OnlineMonitor,FSQJets	FSQ	0.0	+/-	0.0	0.0	+/-	0.0	0.0	+/-	0.0
1	HLT_Photon120_R9Id90_HE10_Iso40_EBOnly_PFMET40_v7	OnlineMonitor,SinglePhoton	HIG	0.775117222486	+/-	0.233706635957	0.563721616353	+/-	0.199305688812	0.211395606132	+/-	0.122049310106
60	HLT_PFHT550_4JetPt50_v4	OnlineMonitor,JetHT	EXO	0.0199651405792	+/-	0.00484225784931	0.00704652020441	+/-	0.00287672982717	0.0129186203748	+/-	0.00389511059928
320	HLT_PFHT400_v5	OnlineMonitor,JetHT	SUS	0.00858794649913	+/-	0.00137517201788	0.00462427888415	+/-	0.00100910038196	0.00396366761498	+/-	0.000934245416308
1	HLT_JetE50_NoBPTX3BX_v2	OnlineMonitor,NoBPTX	EXO	1.69116484906	+/-	0.345207579261	0.704652020441	+/-	0.222830534243	0.986512828618	+/-	0.263656643739
1	HLT_DoubleMu3_Trk_Tau3mu_v3	OnlineMonitor,DoubleMuonLowMass	BPH	20.4349085928	+/-	1.19997915096	10.3583847005	+/-	0.854345170743	10.0765238923	+/-	0.842641259359
87	HLT_DiPFJetAve260_v6	OnlineMonitor,JetHT	JME	0.0113392279152	+/-	0.00303053613493	0.00647955880866	+/-	0.00229086998635	0.00485966910649	+/-	0.00198395160495
1	HLT_Ele15_IsoVVVL_PFHT600_v7	OnlineMonitor,SingleElectron	SUS	0.704652020441	+/-	0.222830534243	0.352326010221	+/-	0.157564981819	0.352326010221	+/-	0.157564981819
35	HLT_PFJet60_v7	OnlineMonitor,JetHT	SMP	0.0342259552786	+/-	0.00830101345596	0.0140930404088	+/-	0.00532666859122	0.0201329148698	+/-	0.00636658669267
7650	HLT_L1_TripleJet_VBF_v5	OnlineMonitor,JetHT	HIG ,Hbb	0.000165800475398	+/-	3.9079546826e-05	6.44779626548e-05	+/-	2.43703791755e-05	0.000101322512743	+/-	3.05498870532e-05
1	HLT_PFJet500_v7	OnlineMonitor,EventDisplay,JetHT	SMP	5.63721616353	+/-	0.630259927276	2.53674727359	+/-	0.422791212265	3.10046888994	+/-	0.467413271914
1	HLT_Photon165_R9Id90_HE10_IsoM_v8	OnlineMonitor,SinglePhoton	SMP	1.40930404088	+/-	0.315129963638	0.634186818397	+/-	0.211395606132	0.775117222486	+/-	0.233706635957
1	HLT_Ele50_CaloIdVT_GsfTrkIdT_PFJet165_v5	OnlineMonitor,SingleElectron	B2G	12.4723407618	+/-	0.937478539352	5.84861176966	+/-	0.641968542864	6.62372899215	+/-	0.683185481196
3	HLT_Photon75_R9Id90_HE10_Iso40_EBOnly_VBF_v6	OnlineMonitor,SinglePhoton	HIG	0.234884006814	+/-	0.0742768447478	0.117442003407	+/-	0.0525216606063	0.117442003407	+/-	0.0525216606063
1	HLT_IsoTkMu27_v6	OnlineMonitor,SingleMuon	SMP	83.2898688162	+/-	2.42260963309	41.2221431958	+/-	1.7043258635	42.0677256204	+/-	1.72171739417
1	HLT_MET600_v3	OnlineMonitor,ExpressPhysics,MET	PPD,AlCa	0.0704652020441	+/-	0.0704652020441	0.0	+/-	0.0	0.0704652020441	+/-	0.0704652020441
3	HLT_Photon90_R9Id90_HE10_Iso40_EBOnly_PFMET40_v7	OnlineMonitor,SinglePhoton	HIG	0.187907205451	+/-	0.0664352296041	0.0939536027255	+/-	0.0469768013628	0.0939536027255	+/-	0.0469768013628
1	HLT_VBF_DisplacedJet40_VVTightID_DisplacedTrack_v3	OnlineMonitor,DisplacedJet	EXO	0.352326010221	+/-	0.157564981819	0.281860808177	+/-	0.140930404088	0.0704652020441	+/-	0.0704652020441
1	HLT_Ele23_Ele12_CaloIdL_TrackIdL_IsoVL_DZ_L1JetTauSeeded_v2	OnlineMonitor,DoubleEG	HIG	0.140930404088	+/-	0.0996528444062	0.140930404088	+/-	0.0996528444062	0.0	+/-	0.0
0	HLT_Ele105_CaloIdVT_GsfTrkIdT_v7	OnlineMonitor,SingleElectron	EXO	0.0	+/-	0.0	0.0	+/-	0.0	0.0	+/-	0.0
13	HLT_Photon90_R9Id90_HE10_IsoM_v7	OnlineMonitor,SinglePhoton	SMP,SUS	0.102987602988	+/-	0.023626976519	0.0650448018869	+/-	0.0187768169394	0.0379428011007	+/-	0.0143410308225
1	HLT_HT550to650_v3	OnlineMonitor,ParkingHT550to650,ParkingScoutingMonitor	EXO	101.963147358	+/-	2.68045775561	51.6509930984	+/-	1.90777295936	50.3121542595	+/-	1.88288505097
0	HLT_Ele50_CaloIdVT_GsfTrkIdT_PFJet140_v5	OnlineMonitor,SingleElectron	B2G	0.0	+/-	0.0	0.0	+/-	0.0	0.0	+/-	0.0
1	HLT_DiCentralPFJet170_CFMax0p1_v3	OnlineMonitor,JetHT	EXO.	1.19790843475	+/-	0.290535470959	0.704652020441	+/-	0.222830534243	0.493256414309	+/-	0.186433400693
1	HLT_PFMET400_v4	OnlineMonitor,MET	PPD	0.281860808177	+/-	0.140930404088	0.211395606132	+/-	0.122049310106	0.0704652020441	+/-	0.0704652020441
1	HLT_DoubleJet90_Double30_TripleBTagCSV_p087_v3	OnlineMonitor,BTagCSV	HIG ,Hbb	24.3809599073	+/-	1.31072852487	10.6402455087	+/-	0.865890899344	13.7407143986	+/-	0.983992996077
1	HLT_HT430to450_v3	OnlineMonitor,ParkingHT430to450,ParkingScoutingMonitor	EXO	96.1145355882	+/-	2.60244695808	48.0572677941	+/-	1.84020789173	48.0572677941	+/-	1.84020789173
1	HLT_QuadJet45_TripleBTagCSV_p087_v4	OnlineMonitor,BTagCSV	HIG ,Hbb	22.267003846	+/-	1.25261683085	10.4288499025	+/-	0.857246181368	11.8381539434	+/-	0.913333405418
1	HLT_LooseIsoPFTau50_Trk30_eta2p1_MET110_v3	OnlineMonitor,Tau	null	3.31186449608	+/-	0.483085086562	1.55023444497	+/-	0.330511094187	1.7616300511	+/-	0.352326010221
5	HLT_DoubleMu4_3_Jpsi_Displaced_v5	OnlineMonitor,Charmonium	BPH	1.08516411148	+/-	0.123665927698	0.634186818397	+/-	0.0945389890914	0.450977293083	+/-	0.079722275525
0	HLT_IsoTkMu20_v6	OnlineMonitor,SingleMuon	SMP,MUO	0.0	+/-	0.0	0.0	+/-	0.0	0.0	+/-	0.0
0	HLT_AK4PFJet80_v5	OnlineMonitor,HINPFJets	HIN	0.0	+/-	0.0	0.0	+/-	0.0	0.0	+/-	0.0
1	HLT_DoublePhoton60_v6	OnlineMonitor,DoubleEG	null	5.14395974922	+/-	0.60205495018	2.67767767768	+/-	0.434376678203	2.46628207155	+/-	0.416877757225
1	HLT_DoubleMediumIsoPFTau40_Trk1_eta2p1_Reg_v7	OnlineMonitor,Tau	TAU,HIG,EXO	42.8428428428	+/-	1.73750671281	21.1395606132	+/-	1.22049310106	21.7032822296	+/-	1.23665927698
1	HLT_Mu7p5_L2Mu2_Jpsi_v3	OnlineMonitor,Charmonium	BPH	0.986512828618	+/-	0.263656643739	0.563721616353	+/-	0.199305688812	0.422791212265	+/-	0.17260378963
1	HLT_Mu3_PFJet40_v4	OnlineMonitor,DoubleMuon	null	0.84558242453	+/-	0.244098620212	0.352326010221	+/-	0.157564981819	0.493256414309	+/-	0.186433400693
1	HLT_Ele8_CaloIdM_TrackIdM_PFJet30_v7	OnlineMonitor,DoubleEG	SUS	1.55023444497	+/-	0.330511094187	0.775117222486	+/-	0.233706635957	0.775117222486	+/-	0.233706635957
380	HLT_DoubleJetsC100_SingleBTagCSV_p014_v2	OnlineMonitor,BTagCSV	Higgs,Analysis	0.00278152113332	+/-	0.000718185668432	0.000927173711107	+/-	0.000414644688997	0.00185434742221	+/-	0.000586396142746
1	HLT_Mu15_IsoVVVL_PFHT600_v6	OnlineMonitor,SingleMuon	SUS	1.47976924293	+/-	0.322912122228	0.634186818397	+/-	0.211395606132	0.84558242453	+/-	0.244098620212
0	HLT_FullTracks_Multiplicity80_v2	OnlineMonitor,HighMultiplicityEOF	FSQ,HIN	0.0	+/-	0.0	0.0	+/-	0.0	0.0	+/-	0.0
10	HLT_Ele15_IsoVVVL_BTagCSV_p067_PFHT400_v5	OnlineMonitor,SingleElectron	SUS	0.0493256414309	+/-	0.0186433400693	0.00704652020441	+/-	0.00704652020441	0.0422791212265	+/-	0.017260378963
713	HLT_Mu12_Photon25_CaloIdL_L1ISO_v6	OnlineMonitor,MuonEG	HIG	0.0	+/-	0.0	0.0	+/-	0.0	0.0	+/-	0.0
1	HLT_L1FatEvents_part2_v1	HLTPhysics2	null	0.0	+/-	0.0	0.0	+/-	0.0	0.0	+/-	0.0
0	HLT_Ele35_CaloIdVT_GsfTrkIdT_PFJet150_PFJet50_v5	OnlineMonitor,SingleElectron	B2G	0.0	+/-	0.0	0.0	+/-	0.0	0.0	+/-	0.0
1	HLT_BTagMu_AK8Jet300_Mu5_v2	OnlineMonitor,BTagMu	BTV	4.65070333491	+/-	0.572462007597	2.11395606132	+/-	0.385953806787	2.53674727359	+/-	0.422791212265
0	HLT_Ele27_eta2p1_WPLoose_Gsf_DoubleMediumIsoPFTau32_Trk1_eta2p1_Reg_v6	OnlineMonitor,SingleElectron	TAU,HIG,EXO	0.0	+/-	0.0	0.0	+/-	0.0	0.0	+/-	0.0
8	HLT_DoubleJetsC100_SingleBTagCSV_p014_SinglePFJetC350_v3	OnlineMonitor,BTagCSV	Higgs,Analysis	0.132122253833	+/-	0.0341138192505	0.0616570517886	+/-	0.0233041750866	0.0704652020441	+/-	0.0249132111015
2	HLT_Ele23_CaloIdL_TrackIdL_IsoVL_PFJet30_v7	OnlineMonitor,DoubleEG	SUS	0.528489015331	+/-	0.136455277002	0.140930404088	+/-	0.0704652020441	0.387558611243	+/-	0.116853317979
0	HLT_HISinglePhoton10_v3	OnlineMonitor,HINPhoton	HIN	0.0	+/-	0.0	0.0	+/-	0.0	0.0	+/-	0.0
1	HLT_HT350_DisplacedDijet40_DisplacedTrack_v4	OnlineMonitor,DisplacedJet	EXO	3.24139929403	+/-	0.477918252591	1.55023444497	+/-	0.330511094187	1.69116484906	+/-	0.345207579261
1	HLT_HT650_v4	OnlineMonitor,ParkingHT650,ParkingScoutingMonitor	EXO	82.937542806	+/-	2.41748024002	41.504004004	+/-	1.71014269223	41.433538802	+/-	1.70869034149
1	HLT_AK8PFJet360_TrimMass30_v5	OnlineMonitor,JetHT	B2G	9.30140666983	+/-	0.809583535087	4.58023813287	+/-	0.568108621166	4.72116853696	+/-	0.576782536873
6	HLT_BTagMu_DiJet20_Mu5_v3	OnlineMonitor,BTagMu	BTV	0.657675219079	+/-	0.087885547913	0.34058180988	+/-	0.0632444543626	0.317093409199	+/-	0.061024655053
1	HLT_HT750_DisplacedDijet80_Inclusive_v4	OnlineMonitor,DisplacedJet	EXO	0.281860808177	+/-	0.140930404088	0.140930404088	+/-	0.0996528444062	0.140930404088	+/-	0.0996528444062
0	HLT_MonoCentralPFJet80_PFMETNoMu90_PFMHTNoMu90_IDTight_v5	OnlineMonitor,MET	EXO	0.0	+/-	0.0	0.0	+/-	0.0	0.0	+/-	0.0
1	HLT_MET200_v3	OnlineMonitor,MET	Exotica 	4.1574469206	+/-	0.541253487054	1.90256045519	+/-	0.366147930318	2.25488646541	+/-	0.398611377625
1	HLT_DiPFJetAve300_HFJEC_v7	OnlineMonitor,JetHT	FSQ,JME	0.704652020441	+/-	0.222830534243	0.352326010221	+/-	0.157564981819	0.352326010221	+/-	0.157564981819
1	HLT_DiCentralPFJet430_v3	OnlineMonitor,JetHT	EXO.	4.65070333491	+/-	0.572462007597	2.25488646541	+/-	0.398611377625	2.3958168695	+/-	0.41087920338
3	HLT_Mu7p5_Track2_Jpsi_v3	OnlineMonitor,Charmonium	BPH	0.281860808177	+/-	0.0813662067374	0.0469768013628	+/-	0.0332176148021	0.234884006814	+/-	0.0742768447478
0	HLT_Dimuon0er16_Jpsi_NoVertexing_v3	OnlineMonitor,Charmonium	BPH	0.0	+/-	0.0	0.0	+/-	0.0	0.0	+/-	0.0
1	HLT_IsoMu21_eta2p1_MediumIsoPFTau32_Trk1_eta2p1_Reg_v3	OnlineMonitor,SingleMuon	null	0.986512828618	+/-	0.263656643739	0.281860808177	+/-	0.140930404088	0.704652020441	+/-	0.222830534243
50	HLT_ZeroBias_IsolatedBunches_v3	OnlineMonitor,ExpressPhysics,ZeroBias	null	0.0	+/-	0.0	0.0	+/-	0.0	0.0	+/-	0.0
0	HLT_PFHT300_PFMET100_v4	OnlineMonitor,HTMHT	SUS,EXO	0.0	+/-	0.0	0.0	+/-	0.0	0.0	+/-	0.0
0	HLT_ZeroBias_FirstCollisionAfterAbortGap_copy_v1	OnlineMonitor,ExpressPhysics,ZeroBias	null	0.0	+/-	0.0	0.0	+/-	0.0	0.0	+/-	0.0
313	HLT_Mu8_v4	OnlineMonitor,DoubleMuon	SUS	0.00247641285139	+/-	0.000746666568553	0.00135077064621	+/-	0.000551449807126	0.00112564220518	+/-	0.000503402497824
1	HLT_PFMET170_HBHECleaned_v6	OnlineMonitor,EventDisplay,MET	JME	7.46931141668	+/-	0.725483658056	4.08698171856	+/-	0.536646990627	3.38232969812	+/-	0.488197240424
5	HLT_IsoTrackHB_v2	OnlineMonitor,Commissioning	null	0.563721616353	+/-	0.0891322136974	0.324139929403	+/-	0.067587847452	0.23958168695	+/-	0.0581070941917
0	HLT_PFMET100_PFMHT100_IDTight_v5	OnlineMonitor,MET	HIG ,Hbb	0.0	+/-	0.0	0.0	+/-	0.0	0.0	+/-	0.0
1	HLT_Ele27_WPLoose_Gsf_WHbbBoost_v7	OnlineMonitor,SingleElectron	null	3.38232969812	+/-	0.488197240424	1.47976924293	+/-	0.322912122228	1.90256045519	+/-	0.366147930318
139	HLT_HT575_v3	OnlineMonitor,DisplacedJet	EXO	0.00659027069478	+/-	0.00182781222378	0.00506943899598	+/-	0.00160309736866	0.00152083169879	+/-	0.000878052590691
1	HLT_Mu40_TkMu11_v3	OnlineMonitor,EventDisplay,DoubleMuon	EXO	7.1874506085	+/-	0.711663656028	3.59372530425	+/-	0.503222197101	3.59372530425	+/-	0.503222197101
1	HLT_DiPFJet40_DEta3p5_MJJ600_PFMETNoMu140_v3	OnlineMonitor,HTMHT	HIG	0.422791212265	+/-	0.17260378963	0.281860808177	+/-	0.140930404088	0.140930404088	+/-	0.0996528444062
10	HLT_Mu15_IsoVVVL_BTagCSV_p067_PFHT400_v4	OnlineMonitor,SingleMuon	SUS	0.0563721616353	+/-	0.0199305688812	0.0281860808177	+/-	0.0140930404088	0.0281860808177	+/-	0.0140930404088
626	HLT_Mu20_v3	OnlineMonitor,SingleMuon	SMP	0.00157589908725	+/-	0.000421176747187	0.000900513764142	+/-	0.000318379694588	0.000675385323107	+/-	0.000275724903563
400	HLT_Photon75_v6	OnlineMonitor,SinglePhoton	SMP	0.00229011906643	+/-	0.000635164747765	0.00017616300511	+/-	0.00017616300511	0.00211395606132	+/-	0.00061024655053
0	HLT_PFMETNoMu100_PFMHTNoMu100_IDTight_v5	OnlineMonitor,MET	EXO,SUS	0.0	+/-	0.0	0.0	+/-	0.0	0.0	+/-	0.0
1	HLT_Mu33NoFiltersNoVtxDisplaced_Photon33_CaloIdL_v5	OnlineMonitor,MuonEG	EXO	1.12744323271	+/-	0.281860808177	0.634186818397	+/-	0.211395606132	0.493256414309	+/-	0.186433400693
1	HLT_Diphoton30_18_R9Id_OR_IsoCaloId_AND_HE_R9Id_Mass90_v6	OnlineMonitor,DoubleEG	null	19.096069754	+/-	1.16000362649	9.44233707392	+/-	0.815693686185	9.65373268005	+/-	0.824774044075
0	HLT_HT200_DisplacedDijet40_DisplacedTrack_v3	OnlineMonitor,DisplacedJet	EXO	0.0	+/-	0.0	0.0	+/-	0.0	0.0	+/-	0.0
1	HLT_VLooseIsoPFTau140_Trk50_eta2p1_v3	OnlineMonitor,Tau	null	19.3074653601	+/-	1.16640663902	10.2174542964	+/-	0.848513394928	9.0900110637	+/-	0.800330847954
1	HLT_Mu7p5_L2Mu2_Upsilon_v3	OnlineMonitor,MuOnia	BPH	0.352326010221	+/-	0.157564981819	0.352326010221	+/-	0.157564981819	0.0	+/-	0.0
3	HLT_Mu7p5_Track7_Upsilon_v3	OnlineMonitor,MuOnia	BPH	0.0	+/-	0.0	0.0	+/-	0.0	0.0	+/-	0.0
1	HLT_IsoMu21_eta2p1_LooseIsoPFTau50_Trk30_eta2p1_SingleL1_v2	OnlineMonitor,SingleMuon	HIG,TAU. EXO	4.29837732469	+/-	0.550350821428	1.7616300511	+/-	0.352326010221	2.53674727359	+/-	0.422791212265
1	HLT_IsoTkMu22_v4	OnlineMonitor,SingleMuon	SMP,MUO	113.237579685	+/-	2.82476705792	57.0063484537	+/-	2.00423647846	56.2312312312	+/-	1.99056400799
0	HLT_L1SingleMuOpen_v3	OnlineMonitor,SingleMuon	null	0.0	+/-	0.0	0.0	+/-	0.0	0.0	+/-	0.0
300	HLT_TkMu24_eta2p1_v5	OnlineMonitor,SingleMuon	SMP	0.00352326010221	+/-	0.00090970184668	0.00140930404088	+/-	0.000575345965434	0.00211395606132	+/-	0.000704652020441
1	HLT_PFHT250_DiPFJetAve90_PFAlphaT0p58_v5	OnlineMonitor,HTMHT	SUS	5.98954217375	+/-	0.649657062938	2.46628207155	+/-	0.416877757225	3.52326010221	+/-	0.498264222031
1	HLT_DiMu9_Ele9_CaloIdL_TrackIdL_v6	OnlineMonitor,MuonEG	HIG	2.04349085928	+/-	0.379466726176	1.12744323271	+/-	0.281860808177	0.916047626574	+/-	0.254065899106
100	HLT_Ele24_eta2p1_WPLoose_Gsf_v6	OnlineMonitor,SingleElectron	TAU,HIG	0.0126837363679	+/-	0.00298958533219	0.00634186818397	+/-	0.00211395606132	0.00634186818397	+/-	0.00211395606132
3	HLT_DiPFJetAve160_HFJEC_v6	OnlineMonitor,JetHT	FSQ,JME	0.0704652020441	+/-	0.0406831033687	0.0469768013628	+/-	0.0332176148021	0.0234884006814	+/-	0.0234884006814
1	HLT_Ele32_eta2p1_WPTight_Gsf_v7	OnlineMonitor,SingleElectron	Egamma	63.9824034561	+/-	2.1233306353	31.991201728	+/-	1.50142149092	31.991201728	+/-	1.50142149092
1	HLT_Mu17_TrkIsoVVL_Mu8_TrkIsoVVL_v4	OnlineMonitor,DoubleMuon	MUO	17.1230440967	+/-	1.09844379095	7.25791581055	+/-	0.715143694658	9.86512828618	+/-	0.833755514451
0	HLT_Ele23_WPLoose_Gsf_v8	OnlineMonitor,SingleElectron	SMP,Top,Higgs 	0.0	+/-	0.0	0.0	+/-	0.0	0.0	+/-	0.0
1	HLT_Random_v2	OnlineMonitor,ExpressPhysics,ZeroBias	null	0.0	+/-	0.0	0.0	+/-	0.0	0.0	+/-	0.0
3	HLT_PFJet140_v6	OnlineMonitor,JetHT	SMP	0.399302811584	+/-	0.0968451569862	0.0939536027255	+/-	0.0469768013628	0.305349208858	+/-	0.0846886330354
6720	HLT_HT200_v3	OnlineMonitor,DisplacedJet	EXO	0.000136316611097	+/-	3.78074254622e-05	6.2915358968e-05	+/-	2.56850877426e-05	7.34012521293e-05	+/-	2.77430655793e-05
1	HLT_PFMETTypeOne190_HBHE_BeamHaloCleaned_v2	OnlineMonitor,MET	JME	5.00302934513	+/-	0.593750346221	2.81860808177	+/-	0.445661068487	2.18442126337	+/-	0.392333640761
1	HLT_Dimuon8_Upsilon_Barrel_v5	OnlineMonitor,MuOnia	BPH	13.5293187925	+/-	0.976394480849	6.83512459828	+/-	0.694001754908	6.69419419419	+/-	0.68680983279
20	HLT_HT550_DisplacedDijet80_Inclusive_v1	OnlineMonitor,DisplacedJet	EXO	0.00352326010221	+/-	0.00352326010221	0.0	+/-	0.0	0.00352326010221	+/-	0.00352326010221
0	HLT_LooseIsoPFTau50_Trk30_eta2p1_MET80_v3	OnlineMonitor,Tau	TAU,HIG	0.0	+/-	0.0	0.0	+/-	0.0	0.0	+/-	0.0
0	HLT_FullTracks_Multiplicity130_v2	OnlineMonitor,HighMultiplicityEOF	FSQ,HIN	0.0	+/-	0.0	0.0	+/-	0.0	0.0	+/-	0.0
52	HLT_Mu27_TkMu8_v3	OnlineMonitor,DoubleMuon	EXO	0.00135510003931	+/-	0.00135510003931	0.00135510003931	+/-	0.00135510003931	0.0	+/-	0.0
1	HLT_DoubleMu4_3_Bs_v5	OnlineMonitor,Charmonium	null	10.0765238923	+/-	0.842641259359	4.93256414309	+/-	0.58955417812	5.14395974922	+/-	0.60205495018
2	HLT_DiPFJetAve220_HFJEC_v7	OnlineMonitor,JetHT	FSQ,JME	1.83209525315	+/-	0.254065899106	0.775117222486	+/-	0.165255547094	1.05697803066	+/-	0.192976903394
1	HLT_DiPFJetAve60_HFJEC_v6	OnlineMonitor,JetHT	FSQ,JME	3.31186449608	+/-	0.483085086562	1.55023444497	+/-	0.330511094187	1.7616300511	+/-	0.352326010221
1	HLT_PFMET120_Mu5_v4	OnlineMonitor,HLTMonitor,MET	JME	1.69116484906	+/-	0.345207579261	0.916047626574	+/-	0.254065899106	0.775117222486	+/-	0.233706635957
0	HLT_MonoCentralPFJet80_PFMETNoMu100_PFMHTNoMu100_IDTight_v5	OnlineMonitor,MET	EXO	0.0	+/-	0.0	0.0	+/-	0.0	0.0	+/-	0.0
1	HLT_QuadMuon0_Dimuon0_Upsilon_v3	OnlineMonitor,MuOnia	BPH	0.281860808177	+/-	0.140930404088	0.0704652020441	+/-	0.0704652020441	0.211395606132	+/-	0.122049310106
0	HLT_PFMET100_PFMHT100_IDTight_BeamHaloCleaned_v2	OnlineMonitor,MET	JME	0.0	+/-	0.0	0.0	+/-	0.0	0.0	+/-	0.0
2500	HLT_L2Mu10_v2	OnlineMonitor,SingleMuon	MUO	0.000394605131447	+/-	0.000105462657496	0.000197302565724	+/-	7.45733602771e-05	0.000197302565724	+/-	7.45733602771e-05
1	HLT_Mu50_v4	OnlineMonitor,SingleMuon	EXO,SMP,MUO	23.887703493	+/-	1.29740196277	10.4993151046	+/-	0.860137407726	13.3883883884	+/-	0.971295780302
1	HLT_MET90_IsoTrk50_v4	OnlineMonitor,MET	EXO	0.916047626574	+/-	0.254065899106	0.281860808177	+/-	0.140930404088	0.634186818397	+/-	0.211395606132
1	HLT_VBF_DisplacedJet40_DisplacedTrack_v3	OnlineMonitor,DisplacedJet	EXO	3.87558611243	+/-	0.522583924793	1.7616300511	+/-	0.352326010221	2.11395606132	+/-	0.385953806787
1	HLT_Mu37_Ele27_CaloIdL_GsfTrkIdVL_v4	OnlineMonitor,MuonEG	EXO	1.33883883884	+/-	0.307150694747	0.704652020441	+/-	0.222830534243	0.634186818397	+/-	0.211395606132
300	HLT_Mu24_eta2p1_v4	OnlineMonitor,SingleMuon	SMP,EXO	0.00375814410902	+/-	0.000939536027255	0.00117442003407	+/-	0.000525216606063	0.00258372407495	+/-	0.000779022119857
0	HLT_HISinglePhoton20_v3	OnlineMonitor,HINPhoton	HIN	0.0	+/-	0.0	0.0	+/-	0.0	0.0	+/-	0.0
1	HLT_PFMET110_PFMHT110_IDTight_v5	OnlineMonitor,MET	HIG ,Hbb	8.59675464939	+/-	0.778313595727	4.86209894105	+/-	0.585327928805	3.73465570834	+/-	0.512994414252
0	HLT_Mu17_TrkIsoVVL_Ele12_CaloIdL_TrackIdL_IsoVL_v7	OnlineMonitor,MuonEG	HIG	0.0	+/-	0.0	0.0	+/-	0.0	0.0	+/-	0.0
1	HLT_ECALHT800_v4	OnlineMonitor,DoubleEG	 	0.563721616353	+/-	0.199305688812	0.211395606132	+/-	0.122049310106	0.352326010221	+/-	0.157564981819
1	HLT_BTagMu_DiJet110_Mu5_v3	OnlineMonitor,BTagMu	BTV	5.28489015331	+/-	0.61024655053	2.81860808177	+/-	0.445661068487	2.46628207155	+/-	0.416877757225
1	HLT_PFHT900_v4	OnlineMonitor,JetHT	SUS	15.3614140456	+/-	1.04040624009	7.68070702281	+/-	0.735678307553	7.68070702281	+/-	0.735678307553
1	HLT_DoubleMu33NoFiltersNoVtx_v3	OnlineMonitor,DoubleMuon	EXO	3.6641905063	+/-	0.508131798212	2.11395606132	+/-	0.385953806787	1.55023444497	+/-	0.330511094187
1	HLT_Ele45_WPLoose_Gsf_L1JetTauSeeded_v3	OnlineMonitor,SingleElectron	EGM	1.62069964702	+/-	0.33793923726	0.986512828618	+/-	0.263656643739	0.634186818397	+/-	0.211395606132
3	HLT_Ele17_CaloIdL_TrackIdL_IsoVL_PFJet30_v5	OnlineMonitor,DoubleEG	SUS	0.328837609539	+/-	0.087885547913	0.0704652020441	+/-	0.0406831033687	0.258372407495	+/-	0.0779022119857
1	HLT_ZeroBias_FirstCollisionAfterAbortGap_v3	OnlineMonitor,ExpressPhysics,ZeroBias	null	9.583267478	+/-	0.82175840676	5.35535535536	+/-	0.614301389493	4.22791212265	+/-	0.545821108008
0	HLT_Ele22_eta2p1_WPLoose_Gsf_v8	OnlineMonitor,SingleElectron	TAU,HIG	0.0	+/-	0.0	0.0	+/-	0.0	0.0	+/-	0.0
0	HLT_L1BeamGasPlus_v2	OnlineMonitor,Commissioning	null	0.0	+/-	0.0	0.0	+/-	0.0	0.0	+/-	0.0
0	HLT_Ele23_WPLoose_Gsf_WHbbBoost_v7	OnlineMonitor,SingleElectron	null	0.0	+/-	0.0	0.0	+/-	0.0	0.0	+/-	0.0
0	HLT_Mu45_eta2p1_v4	OnlineMonitor,SingleMuon	EXO,SMP,MUO	0.0	+/-	0.0	0.0	+/-	0.0	0.0	+/-	0.0
16	HLT_DoubleJetsC100_SingleBTagCSV_p026_SinglePFJetC350_v3	OnlineMonitor,BTagCSV	Higgs,Analysis	0.0528489015331	+/-	0.0152561637633	0.0220203756388	+/-	0.00984781136369	0.0308285258943	+/-	0.0116520875433
1	HLT_MonoCentralPFJet80_PFMETNoMu120_PFMHTNoMu120_IDTight_v5	OnlineMonitor,MET	EXO	6.20093777989	+/-	0.661022188374	3.24139929403	+/-	0.477918252591	2.95953848585	+/-	0.456666702709
6	HLT_Ele12_CaloIdL_TrackIdL_IsoVL_PFJet30_v7	OnlineMonitor,DoubleEG	SUS	0.234884006814	+/-	0.0525216606063	0.105697803066	+/-	0.0352326010221	0.129186203748	+/-	0.0389511059928
0	HLT_VBF_DisplacedJet40_Hadronic_v3	OnlineMonitor,DisplacedJet	EXO	0.0	+/-	0.0	0.0	+/-	0.0	0.0	+/-	0.0
0	HLT_Mu30_eta2p1_PFJet150_PFJet50_v3	OnlineMonitor,SingleMuon	B2G	0.0	+/-	0.0	0.0	+/-	0.0	0.0	+/-	0.0
0	HLT_DoubleMu8_Mass8_PFHT250_v4	OnlineMonitor,DoubleMuon	null	0.0	+/-	0.0	0.0	+/-	0.0	0.0	+/-	0.0
85	HLT_PFHT650_v6	OnlineMonitor,JetHT	EXO	0.0124350356548	+/-	0.00321071240005	0.00746102139291	+/-	0.00248700713097	0.00497401426194	+/-	0.00203063281918
0	HLT_Ele27_WPLoose_Gsf_v6	OnlineMonitor,SingleElectron	Egamma ,Top ,SMP ,Higgs 	0.0	+/-	0.0	0.0	+/-	0.0	0.0	+/-	0.0
52	HLT_Mu17_Mu8_DZ_v4	OnlineMonitor,DoubleMuon	MUO	0.0162612004717	+/-	0.00469420423485	0.00948570027517	+/-	0.00358525770563	0.00677550019655	+/-	0.00303009580421
19	HLT_HT250_DisplacedDijet40_DisplacedTrack_v4	OnlineMonitor,DisplacedJet	EXO	0.025960863911	+/-	0.00981228424699	0.0148347793777	+/-	0.00741738968886	0.0111260845333	+/-	0.00642364790032
32	HLT_Photon36_R9Id90_HE10_Iso40_EBOnly_VBF_v7	OnlineMonitor,SinglePhoton	HIG	0.017616300511	+/-	0.00622830277539	0.00880815025552	+/-	0.00440407512776	0.00880815025552	+/-	0.00440407512776
1	HLT_Mu8_TrkIsoVVL_Ele23_CaloIdL_TrackIdL_IsoVL_v7	OnlineMonitor,MuonEG	HIG	14.304436015	+/-	1.00397458828	7.04652020441	+/-	0.704652020441	7.25791581055	+/-	0.715143694658
1	HLT_IsoTkMu24_v3	OnlineMonitor,SingleMuon	SMP,MUO	97.8057004373	+/-	2.62524254925	48.5505242084	+/-	1.84962766461	49.2551762289	+/-	1.86300186384
1	HLT_PFMET120_PFMHT120_IDTight_v5	OnlineMonitor,HLTMonitor,MET	null	5.35535535536	+/-	0.614301389493	2.74814287972	+/-	0.440055045722	2.60721247563	+/-	0.428623090684
200	HLT_Photon90_v6	OnlineMonitor,SinglePhoton	SMP	0.00387558611243	+/-	0.00116853317979	0.00105697803066	+/-	0.00061024655053	0.00281860808177	+/-	0.000996528444062
30	HLT_Photon36_R9Id90_HE10_Iso40_EBOnly_PFMET40_v7	OnlineMonitor,SinglePhoton	HIG	0.0469768013628	+/-	0.0105043321213	0.0211395606132	+/-	0.00704652020441	0.0258372407495	+/-	0.00779022119857
1	HLT_Rsq0p02_MR400_TriPFJet80_60_40_DoubleBTagCSV_p063_Mbb60_200_v1	OnlineMonitor,BTagCSV	SUS	23.8172382909	+/-	1.29548697728	10.8516411148	+/-	0.874450160767	12.9655971761	+/-	0.955836505182
52	HLT_QuadJet45_DoubleBTagCSV_p087_v4	OnlineMonitor,BTagCSV	HIG ,Hbb	0.0379428011007	+/-	0.00717051541126	0.0149061004324	+/-	0.00449435838379	0.0230367006683	+/-	0.00558722059536
1	HLT_HcalPhiSym_v3	OnlineMonitor,HcalNZS	null	0.0	+/-	0.0	0.0	+/-	0.0	0.0	+/-	0.0
30	HLT_Ele12_CaloIdL_TrackIdL_IsoVL_v7	OnlineMonitor,DoubleEG	HIG	0.0352326010221	+/-	0.0090970184668	0.0117442003407	+/-	0.00525216606063	0.0234884006814	+/-	0.00742768447478
1	HLT_MET75_IsoTrk50_v4	OnlineMonitor,MET	EXO	1.26837363679	+/-	0.298958533219	0.563721616353	+/-	0.199305688812	0.704652020441	+/-	0.222830534243
0	HLT_L1BptxMinus_v2	OnlineMonitor,EmptyBX	null	0.0	+/-	0.0	0.0	+/-	0.0	0.0	+/-	0.0
1	HLT_LooseIsoPFTau50_Trk30_eta2p1_MET90_v3	OnlineMonitor,Tau	null	9.44233707392	+/-	0.815693686185	4.43930772878	+/-	0.559300202078	5.00302934513	+/-	0.593750346221
4	HLT_Ele12_CaloIdM_TrackIdM_PFJet30_v7	OnlineMonitor,DoubleEG	SUS	0.264244507666	+/-	0.068227638501	0.0704652020441	+/-	0.0352326010221	0.193779305621	+/-	0.0584266589893
1	HLT_MET250_v3	OnlineMonitor,MET	PPD	1.33883883884	+/-	0.307150694747	0.704652020441	+/-	0.222830534243	0.634186818397	+/-	0.211395606132
1	HLT_Mu12_TrkIsoVVL_Ele23_CaloIdL_TrackIdL_IsoVL_DZ_v1	OnlineMonitor,MuonEG	HIG	2.3958168695	+/-	0.41087920338	0.84558242453	+/-	0.244098620212	1.55023444497	+/-	0.330511094187
12	HLT_Ele17_CaloIdL_TrackIdL_IsoVL_v6	OnlineMonitor,DoubleEG	HIG	0.0587210017035	+/-	0.018569211187	0.0117442003407	+/-	0.00830440370052	0.0469768013628	+/-	0.016608807401
1	HLT_VLooseIsoPFTau120_Trk50_eta2p1_v3	OnlineMonitor,Tau	null	29.2430588483	+/-	1.43548530126	15.0090880354	+/-	1.02840576667	14.2339708129	+/-	1.00149869157
1	HLT_Mu38NoFiltersNoVtx_Photon38_CaloIdL_v5	OnlineMonitor,MuonEG	EXO	1.05697803066	+/-	0.272910554004	0.634186818397	+/-	0.211395606132	0.422791212265	+/-	0.17260378963
1	HLT_PFHT650_WideJetMJJ950DEtaJJ1p5_v6	OnlineMonitor,JetHT	EXO	6.41233338602	+/-	0.672195185657	3.17093409199	+/-	0.472694945457	3.24139929403	+/-	0.477918252591
1	HLT_Mu17_Photon30_CaloIdL_L1ISO_v7	OnlineMonitor,MuonEG	HIG	6.62372899215	+/-	0.683185481196	3.10046888994	+/-	0.467413271914	3.52326010221	+/-	0.498264222031
1	HLT_DiCentralPFJet330_CFMax0p5_v3	OnlineMonitor,JetHT	EXO.	6.27140298193	+/-	0.664767386551	3.17093409199	+/-	0.472694945457	3.10046888994	+/-	0.467413271914
1	HLT_Ele250_CaloIdVT_GsfTrkIdT_v5	OnlineMonitor,ExpressPhysics,SingleElectron	AlCa	0.634186818397	+/-	0.211395606132	0.211395606132	+/-	0.122049310106	0.422791212265	+/-	0.17260378963
0	HLT_DiPFJetAve25_HFJEC_v4	OnlineMonitor,FSQJets	FSQ,JME	0.0	+/-	0.0	0.0	+/-	0.0	0.0	+/-	0.0
26	HLT_Mu20_Mu10_DZ_v3	OnlineMonitor,DoubleMuon	Higgs	0.0352326010221	+/-	0.00977176535024	0.0243918007076	+/-	0.00813060023586	0.0108408003145	+/-	0.00542040015724
2	HLT_DiPFJetAve500_v6	OnlineMonitor,JetHT	JME	0.916047626574	+/-	0.179651720126	0.387558611243	+/-	0.116853317979	0.528489015331	+/-	0.136455277002
1	HLT_Mu20_Mu10_SameSign_DZ_v3	OnlineMonitor,DoubleMuon	Higgs	2.3958168695	+/-	0.41087920338	1.12744323271	+/-	0.281860808177	1.26837363679	+/-	0.298958533219
21	HLT_PFMET170_NotCleaned_v5	OnlineMonitor,MET	JME	0.0436213155511	+/-	0.0120983761479	0.0301993723046	+/-	0.0100664574349	0.0134219432465	+/-	0.00671097162325
1	HLT_Mu12_TrkIsoVVL_Ele23_CaloIdL_TrackIdL_IsoVL_v1	OnlineMonitor,MuonEG	HIG	6.34186818397	+/-	0.66849160273	2.74814287972	+/-	0.440055045722	3.59372530425	+/-	0.503222197101
1	HLT_Photon42_R9Id85_OR_CaloId24b40e_Iso50T80L_Photon25_AND_HE10_R9Id65_Eta2_Mass15_v7	OnlineMonitor,DoubleEG	EXO long	9.86512828618	+/-	0.833755514451	5.56675096149	+/-	0.626308415424	4.29837732469	+/-	0.550350821428
0	HLT_FullTracks_Multiplicity150_v2	OnlineMonitor,HighMultiplicityEOF	FSQ,HIN	0.0	+/-	0.0	0.0	+/-	0.0	0.0	+/-	0.0
1	HLT_L2Mu40_NoVertex_3Sta_NoBPTX3BX_v2	OnlineMonitor,NoBPTX	EXO	7.39884621464	+/-	0.72205345606	3.87558611243	+/-	0.522583924793	3.52326010221	+/-	0.498264222031
1	HLT_PFHT450_SixJet40_BTagCSV_p056_v3	OnlineMonitor,JetHT	HIG	11.9086191455	+/-	0.916047626574	5.56675096149	+/-	0.626308415424	6.34186818397	+/-	0.66849160273
40	HLT_Mu12_Photon25_CaloIdL_L1OR_v6	OnlineMonitor,MuonEG	HIG	0.0140930404088	+/-	0.00498264222031	0.00880815025552	+/-	0.00393912454547	0.00528489015331	+/-	0.00305123275265
160	HLT_PFHT475_v5	OnlineMonitor,JetHT	SUS	0.0167354854855	+/-	0.00271485423877	0.00704652020441	+/-	0.0017616300511	0.00968896528107	+/-	0.00206569433867
0	HLT_Dimuon0_Phi_Barrel_v5	OnlineMonitor,MuOnia	BPH	0.0	+/-	0.0	0.0	+/-	0.0	0.0	+/-	0.0
1	HLT_TkMu50_v3	OnlineMonitor,SingleMuon	EXO,SMP,MUO	21.1395606132	+/-	1.22049310106	9.51280227596	+/-	0.818731662012	11.6267583373	+/-	0.90514190896
1	HLT_L2Mu35_NoVertex_3Sta_NoBPTX3BX_v2	OnlineMonitor,NoBPTX	EXO	8.59675464939	+/-	0.778313595727	4.36884252674	+/-	0.554843555739	4.22791212265	+/-	0.545821108008
1	HLT_Photon165_HE10_v7	OnlineMonitor,SinglePhoton	Egamma	9.23094146778	+/-	0.80651110072	4.29837732469	+/-	0.550350821428	4.93256414309	+/-	0.58955417812
1	HLT_PFHT400_DiPFJetAve90_PFAlphaT0p52_v5	OnlineMonitor,HTMHT	SUS	3.0300036879	+/-	0.462071230507	1.47976924293	+/-	0.322912122228	1.55023444497	+/-	0.330511094187
1	HLT_Dimuon20_Jpsi_v4	OnlineMonitor,Charmonium	BPH	10.9221063168	+/-	0.877284690602	5.56675096149	+/-	0.626308415424	5.35535535536	+/-	0.614301389493
1	HLT_ZeroBias_FirstCollisionAfterAbortGap_TCDS_v1	OnlineMonitor,ExpressPhysics,ZeroBias	null	0.0	+/-	0.0	0.0	+/-	0.0	0.0	+/-	0.0
1	HLT_Dimuon13_Upsilon_v4	OnlineMonitor,MuOnia	BPH	9.65373268005	+/-	0.824774044075	4.93256414309	+/-	0.58955417812	4.72116853696	+/-	0.576782536873
1	HLT_Dimuon0_Jpsi_Muon_v4	OnlineMonitor,Charmonium	BPH	13.7407143986	+/-	0.983992996077	6.97605500237	+/-	0.701119907871	6.76465939624	+/-	0.690415158521
0	HLT_AK4CaloJet40_v3	OnlineMonitor,HINCaloJets	HIN	0.0	+/-	0.0	0.0	+/-	0.0	0.0	+/-	0.0
1	HLT_Diphoton30_18_R9Id_OR_IsoCaloId_AND_HE_R9Id_DoublePixelSeedMatch_Mass70_v6	OnlineMonitor,DoubleEG	null	3.87558611243	+/-	0.522583924793	2.53674727359	+/-	0.422791212265	1.33883883884	+/-	0.307150694747
0	HLT_L1SingleMuOpen_DT_v3	OnlineMonitor,Commissioning	null	0.0	+/-	0.0	0.0	+/-	0.0	0.0	+/-	0.0
130	HLT_DoubleJet90_Double30_DoubleBTagCSV_p087_v3	OnlineMonitor,BTagCSV	HIG ,Hbb	0.00650448018869	+/-	0.00187768169394	0.00325224009435	+/-	0.00132772145869	0.00325224009435	+/-	0.00132772145869
12	HLT_PFJet40_v7	OnlineMonitor,JetHT	SMP	0.217267706303	+/-	0.0357185908903	0.123314103577	+/-	0.026909343519	0.0939536027255	+/-	0.0234884006814
250	HLT_DoubleEle33_CaloIdL_v6	OnlineMonitor,DoubleEG	EXO	0.000281860808177	+/-	0.000281860808177	0.000281860808177	+/-	0.000281860808177	0.0	+/-	0.0
52	HLT_L2DoubleMu23_NoVertex_v4	OnlineMonitor,DoubleMuon	EXO	0.00542040015724	+/-	0.00271020007862	0.00542040015724	+/-	0.00271020007862	0.0	+/-	0.0
52	HLT_DiPFJetAve40_v6	OnlineMonitor,HLTMonitor,JetHT	JME	0.00677550019655	+/-	0.00303009580421	0.00271020007862	+/-	0.00191640085397	0.00406530011793	+/-	0.00234710211742
0	HLT_AK8DiPFJet250_200_TrimMass30_BTagCSV_p20_v3	OnlineMonitor,JetHT	B2G PAG	0.0	+/-	0.0	0.0	+/-	0.0	0.0	+/-	0.0
0	HLT_PFHT200_DiPFJetAve90_PFAlphaT0p57_v5	OnlineMonitor,HTMHT	SUS	0.0	+/-	0.0	0.0	+/-	0.0	0.0	+/-	0.0
1	HLT_QuadPFJet_BTagCSV_p016_VBF_Mqq500_v3	OnlineMonitor,HLTMonitor,BTagCSV	HIG ,Hbb	7.75117222486	+/-	0.73904527392	3.52326010221	+/-	0.498264222031	4.22791212265	+/-	0.545821108008
1	HLT_DoubleIsoMu17_eta2p1_v4	OnlineMonitor,SingleMuon	TAU,HIG	5.00302934513	+/-	0.593750346221	2.3958168695	+/-	0.41087920338	2.60721247563	+/-	0.428623090684
530	HLT_DoubleJetsC100_SingleBTagCSV_p026_v2	OnlineMonitor,BTagCSV	Higgs,Analysis	0.000930672479828	+/-	0.000351761133383	0.000398859634212	+/-	0.000230281717181	0.000531812845616	+/-	0.000265906422808
0	HLT_AK4CaloJet80_v3	OnlineMonitor,HINCaloJets	HIN	0.0	+/-	0.0	0.0	+/-	0.0	0.0	+/-	0.0
1	HLT_DoubleEle37_Ele27_CaloIdL_GsfTrkIdVL_v6	OnlineMonitor,DoubleEG	EXO	19.6597913703	+/-	1.17700092228	10.5697803066	+/-	0.863018948151	9.0900110637	+/-	0.800330847954
1	HLT_IsoMu19_eta2p1_LooseIsoPFTau20_SingleL1_v3	OnlineMonitor,SingleMuon	TAU,HIG	9.0900110637	+/-	0.800330847954	4.29837732469	+/-	0.550350821428	4.791633739	+/-	0.581070941917
1	HLT_DoubleJetsC112_DoubleBTagCSV_p014_DoublePFJetsC112MaxDeta1p6_v3	OnlineMonitor,BTagCSV	Higgs,Analysis	9.51280227596	+/-	0.818731662012	4.93256414309	+/-	0.58955417812	4.58023813287	+/-	0.568108621166
1	HLT_HT650_DisplacedDijet80_Inclusive_v4	OnlineMonitor,DisplacedJet	EXO	0.634186818397	+/-	0.211395606132	0.352326010221	+/-	0.157564981819	0.281860808177	+/-	0.140930404088
0	HLT_HT550_DisplacedDijet40_Inclusive_v4	OnlineMonitor,DisplacedJet	EXO	0.0	+/-	0.0	0.0	+/-	0.0	0.0	+/-	0.0
22	HLT_Photon36_v6	OnlineMonitor,SinglePhoton	SMP	0.0320296372928	+/-	0.0101286606474	0.0192177823757	+/-	0.00784562680138	0.0128118549171	+/-	0.00640592745856
0	HLT_PFJet25_NoCaloMatched_v3	OnlineMonitor,FSQJets	FSQ	0.0	+/-	0.0	0.0	+/-	0.0	0.0	+/-	0.0
0	HLT_HISinglePhoton40_v3	OnlineMonitor,HINPhoton	HIN	0.0	+/-	0.0	0.0	+/-	0.0	0.0	+/-	0.0
1	HLT_DoubleIsoMu17_eta2p1_noDzCut_v2	OnlineMonitor,SingleMuon	null	5.14395974922	+/-	0.60205495018	2.46628207155	+/-	0.416877757225	2.67767767768	+/-	0.434376678203
348	HLT_DiCentralPFJet170_v3	OnlineMonitor,JetHT	EXO.	0.00182237591493	+/-	0.000607458638312	0.00121491727662	+/-	0.000495987901236	0.000607458638312	+/-	0.000350716408351
0	HLT_AK8PFHT650_TrimR0p1PT0p03Mass50_v5	OnlineMonitor,JetHT	B2G	0.0	+/-	0.0	0.0	+/-	0.0	0.0	+/-	0.0
1	HLT_Mu8_DiEle12_CaloIdL_TrackIdL_v6	OnlineMonitor,MuonEG	HIG	1.90256045519	+/-	0.366147930318	0.986512828618	+/-	0.263656643739	0.916047626574	+/-	0.254065899106
3500	HLT_GlobalRunHPDNoise_v4	OnlineMonitor,HcalHPDNoise	null	4.02658297395e-05	+/-	2.84722412589e-05	0.0	+/-	0.0	4.02658297395e-05	+/-	2.84722412589e-05
19	HLT_PFJet200_v6	OnlineMonitor,JetHT	SMP	0.0370869484443	+/-	0.0117279228549	0.0148347793777	+/-	0.00741738968886	0.0222521690666	+/-	0.00908440998054
2000	HLT_QuadPFJet_VBF_v6	OnlineMonitor,HLTMonitor,JetHT	HIG ,Hbb	0.000387558611243	+/-	0.000116853317979	0.000105697803066	+/-	6.1024655053e-05	0.000281860808177	+/-	9.96528444062e-05
1	HLT_PFHT125_v3	OnlineMonitor,JetHT	SUS	2.3958168695	+/-	0.41087920338	0.916047626574	+/-	0.254065899106	1.47976924293	+/-	0.322912122228
1	HLT_MET300_v3	OnlineMonitor,MET	PPD	0.775117222486	+/-	0.233706635957	0.493256414309	+/-	0.186433400693	0.281860808177	+/-	0.140930404088
20	HLT_Photon36_R9Id85_OR_CaloId24b40e_Iso50T80L_Photon22_AND_HE10_R9Id65_Eta2_Mass15_v7	OnlineMonitor,DoubleEG	EXO long	0.0598954217375	+/-	0.0145267735479	0.0317093409199	+/-	0.0105697803066	0.0281860808177	+/-	0.00996528444062
157	HLT_Mu8_TrkIsoVVL_v4	OnlineMonitor,DoubleMuon	SUS,MUO	0.00493705237252	+/-	0.00148857729909	0.00179529177183	+/-	0.000897645885913	0.00314176060069	+/-	0.00118747388976
1	HLT_PFMET170_HBHE_BeamHaloCleaned_v2	OnlineMonitor,MET	JME	6.62372899215	+/-	0.683185481196	3.6641905063	+/-	0.508131798212	2.95953848585	+/-	0.456666702709
1	HLT_IsoMu19_eta2p1_MediumIsoPFTau32_Trk1_eta2p1_Reg_v3	OnlineMonitor,SingleMuon	null	1.12744323271	+/-	0.281860808177	0.352326010221	+/-	0.157564981819	0.775117222486	+/-	0.233706635957
1	HLT_Mu17_TrkIsoVVL_Mu8_TrkIsoVVL_DZ_v4	OnlineMonitor,ExpressPhysics,DoubleMuon	MUO	12.6837363679	+/-	0.945389890914	5.98954217375	+/-	0.649657062938	6.69419419419	+/-	0.68680983279
150	HLT_ZeroBias_v4	OnlineMonitor,ExpressPhysics,ZeroBias	null	0.0615396097852	+/-	0.00537674067147	0.0291256168449	+/-	0.00369895703826	0.0324139929403	+/-	0.00390218619204
0	HLT_AK4CaloJet50_v3	OnlineMonitor,HINCaloJets	HIN	0.0	+/-	0.0	0.0	+/-	0.0	0.0	+/-	0.0
0	HLT_PixelTracks_Multiplicity60ForEndOfFill_v2	OnlineMonitor,HighMultiplicityEOF	FSQ,HIN	0.0	+/-	0.0	0.0	+/-	0.0	0.0	+/-	0.0
1	HLT_Mu8_Ele8_CaloIdM_TrackIdM_Mass8_PFHT300_v8	OnlineMonitor,MuonEG	null	4.29837732469	+/-	0.550350821428	2.3958168695	+/-	0.41087920338	1.90256045519	+/-	0.366147930318
1	HLT_EcalCalibration_v3	TestEnablesEcalHcal,TestEnablesEcalHcalDQM,EcalLaser	null	0.0	+/-	0.0	0.0	+/-	0.0	0.0	+/-	0.0
1	HLT_Photon250_NoHE_v6	OnlineMonitor,SinglePhoton	HIG	5.56675096149	+/-	0.626308415424	2.3958168695	+/-	0.41087920338	3.17093409199	+/-	0.472694945457
1	HLT_PFHT750_4JetPt50_v6	OnlineMonitor,JetHT	EXO	17.0525788947	+/-	1.09618128847	7.89210262894	+/-	0.745733602771	9.16047626574	+/-	0.803426916954
1	HLT_Ele16_Ele12_Ele8_CaloIdL_TrackIdL_v7	OnlineMonitor,DoubleEG	HIG	1.97302565724	+/-	0.372866801385	0.84558242453	+/-	0.244098620212	1.12744323271	+/-	0.281860808177
1	HLT_HT2000_v3	OnlineMonitor,ExpressPhysics,JetHT	PPD	0.140930404088	+/-	0.0996528444062	0.0704652020441	+/-	0.0704652020441	0.0704652020441	+/-	0.0704652020441
1	HLT_Mu50_IsoVVVL_PFHT400_v3	OnlineMonitor,SingleMuon	SUS	2.46628207155	+/-	0.416877757225	1.19790843475	+/-	0.290535470959	1.26837363679	+/-	0.298958533219
1	HLT_Ele36_eta2p1_WPLoose_Gsf_LooseIsoPFTau20_SingleL1_v1	OnlineMonitor,SingleElectron	Tau,HIG,EXO	10.9925715189	+/-	0.880110091445	5.91907697171	+/-	0.645824244455	5.07349454718	+/-	0.597917066437
1	HLT_PFMET500_v4	OnlineMonitor,ExpressPhysics,MET	PPD,AlCa	0.0704652020441	+/-	0.0704652020441	0.0	+/-	0.0	0.0704652020441	+/-	0.0704652020441
1	HLT_IsoMu27_v5	OnlineMonitor,SingleMuon	SMP	88.8566197777	+/-	2.50225891258	42.5609820347	+/-	1.73178179869	46.295637743	+/-	1.80616485054
0	HLT_L1BeamGasMinus_v2	OnlineMonitor,Commissioning	null	0.0	+/-	0.0	0.0	+/-	0.0	0.0	+/-	0.0
1	HLT_HcalNZS_v3	OnlineMonitor,HcalNZS	null	0.634186818397	+/-	0.211395606132	0.211395606132	+/-	0.122049310106	0.422791212265	+/-	0.17260378963
1	HLT_PFMET600_v4	OnlineMonitor,ExpressPhysics,MET	PPD,AlCa	0.0	+/-	0.0	0.0	+/-	0.0	0.0	+/-	0.0
1	HLT_DoubleMu4_PsiPrimeTrk_Displaced_v5	OnlineMonitor,Charmonium	BPH	2.32535166746	+/-	0.404791767544	0.986512828618	+/-	0.263656643739	1.33883883884	+/-	0.307150694747
0	HLT_Ele15_IsoVVVL_PFHT350_PFMET50_v6	OnlineMonitor,SingleElectron	SUS	0.0	+/-	0.0	0.0	+/-	0.0	0.0	+/-	0.0
1	HLT_IsoMu19_eta2p1_LooseIsoPFTau20_v3	OnlineMonitor,SingleMuon	TAU,HIG	7.25791581055	+/-	0.715143694658	3.17093409199	+/-	0.472694945457	4.08698171856	+/-	0.536646990627
1	HLT_Mu17_Mu8_SameSign_v3	OnlineMonitor,DoubleMuon	null	7.25791581055	+/-	0.715143694658	2.88907328381	+/-	0.451197443104	4.36884252674	+/-	0.554843555739
1	HLT_DoubleEle33_CaloIdL_GsfTrkIdVL_MW_v9	OnlineMonitor,EventDisplay,DoubleEG	EXO	8.66721985143	+/-	0.781496895702	4.86209894105	+/-	0.585327928805	3.80512091038	+/-	0.517811368891
1	HLT_Mu350_v2	OnlineMonitor,ExpressPhysics,SingleMuon	PPD	0.140930404088	+/-	0.0996528444062	0.140930404088	+/-	0.0996528444062	0.0	+/-	0.0
1	HLT_Photon300_NoHE_v6	OnlineMonitor,SinglePhoton	HIG	1.97302565724	+/-	0.372866801385	0.916047626574	+/-	0.254065899106	1.05697803066	+/-	0.272910554004
0	HLT_Ele35_WPLoose_Gsf_v6	OnlineMonitor,SingleElectron	EGM	0.0	+/-	0.0	0.0	+/-	0.0	0.0	+/-	0.0
0	HLT_QuadPFJet_BTagCSV_p016_VBF_Mqq460_v3	OnlineMonitor,HLTMonitor,BTagCSV	HIG ,Hbb	0.0	+/-	0.0	0.0	+/-	0.0	0.0	+/-	0.0
1	HLT_Photon22_R9Id90_HE10_IsoM_v6	OnlineMonitor,SinglePhoton	SMP,SUS	1.05697803066	+/-	0.272910554004	0.422791212265	+/-	0.17260378963	0.634186818397	+/-	0.211395606132
1	HLT_PFHT400_SixJet30_DoubleBTagCSV_p056_v3	OnlineMonitor,JetHT	HIG	19.3074653601	+/-	1.16640663902	8.80815025552	+/-	0.787824909095	10.4993151046	+/-	0.860137407726
14	HLT_Photon22_v5	OnlineMonitor,SinglePhoton	SMP	0.045299058457	+/-	0.0150996861523	0.0251661435872	+/-	0.0112546415585	0.0201329148698	+/-	0.0100664574349
1	HLT_Dimuon0_Upsilon_Muon_v4	OnlineMonitor,MuOnia	BPH	7.53977661872	+/-	0.728897717657	3.80512091038	+/-	0.517811368891	3.73465570834	+/-	0.512994414252
1	HLT_Mu23_TrkIsoVVL_Ele8_CaloIdL_TrackIdL_IsoVL_v5	OnlineMonitor,MuonEG	 	4.36884252674	+/-	0.554843555739	1.90256045519	+/-	0.366147930318	2.46628207155	+/-	0.416877757225
0	HLT_IsoTkMu18_v4	OnlineMonitor,SingleMuon	SMP,MUO	0.0	+/-	0.0	0.0	+/-	0.0	0.0	+/-	0.0
200	HLT_Mu27_v4	OnlineMonitor,SingleMuon	SMP	0.00493256414309	+/-	0.0013182832187	0.00246628207155	+/-	0.000932167003464	0.00246628207155	+/-	0.000932167003464
1	HLT_HT470to500_v3	OnlineMonitor,ParkingHT470to500,ParkingScoutingMonitor	EXO	92.0275538697	+/-	2.54651530077	44.3930772878	+/-	1.76866253436	47.6344765818	+/-	1.83209525315
0	HLT_L1BptxPlus_v2	OnlineMonitor,EmptyBX	null	0.0	+/-	0.0	0.0	+/-	0.0	0.0	+/-	0.0
1	HLT_L2DoubleMu28_NoVertex_2Cha_Angle2p5_Mass10_v4	OnlineMonitor,DoubleMuon	EXO	3.0300036879	+/-	0.462071230507	1.62069964702	+/-	0.33793923726	1.40930404088	+/-	0.315129963638
0	HLT_L1MinimumBiasHF_AND_v2	OnlineMonitor,L1MinimumBias	null	0.0	+/-	0.0	0.0	+/-	0.0	0.0	+/-	0.0
1	HLT_DoubleMu8_Mass8_PFHT300_v7	OnlineMonitor,DoubleMuon	null	2.53674727359	+/-	0.422791212265	0.916047626574	+/-	0.254065899106	1.62069964702	+/-	0.33793923726
1	HLT_Mu30_TkMu11_v3	OnlineMonitor,DoubleMuon	EXO	12.8951319741	+/-	0.953235584701	6.41233338602	+/-	0.672195185657	6.48279858806	+/-	0.67587847452
1	HLT_Ele27_eta2p1_WPLoose_Gsf_DoubleMediumIsoPFTau40_Trk1_eta2p1_Reg_v8	OnlineMonitor,SingleElectron	TAU,HIG,EXO	1.90256045519	+/-	0.366147930318	1.26837363679	+/-	0.298958533219	0.634186818397	+/-	0.211395606132
1	HLT_PFHT300_DiPFJetAve90_PFAlphaT0p54_v5	OnlineMonitor,HTMHT	SUS	5.84861176966	+/-	0.641968542864	3.0300036879	+/-	0.462071230507	2.81860808177	+/-	0.445661068487
1	HLT_Ele300_CaloIdVT_GsfTrkIdT_v5	OnlineMonitor,ExpressPhysics,SingleElectron	AlCa	0.352326010221	+/-	0.157564981819	0.140930404088	+/-	0.0996528444062	0.211395606132	+/-	0.122049310106
1	HLT_Diphoton30EB_18EB_R9Id_OR_IsoCaloId_AND_HE_R9Id_DoublePixelVeto_Mass55_v6	OnlineMonitor,DoubleEG	null	15.0795532374	+/-	1.03081703789	8.4558242453	+/-	0.771907613575	6.62372899215	+/-	0.683185481196
0	HLT_AK8DiPFJet250_200_TrimMass30_v3	OnlineMonitor,JetHT	B2G PAG	0.0	+/-	0.0	0.0	+/-	0.0	0.0	+/-	0.0
5	HLT_DiPFJetAve400_v6	OnlineMonitor,JetHT	JME	0.493256414309	+/-	0.0833755514451	0.267767767768	+/-	0.0614301389493	0.225488646541	+/-	0.0563721616353
1	HLT_Ele50_IsoVVVL_PFHT400_v4	OnlineMonitor,SingleElectron	SUS	3.38232969812	+/-	0.488197240424	1.47976924293	+/-	0.322912122228	1.90256045519	+/-	0.366147930318
200	HLT_TkMu27_v5	OnlineMonitor,SingleMuon	SMP	0.00387558611243	+/-	0.00116853317979	0.0017616300511	+/-	0.000787824909095	0.00211395606132	+/-	0.000863018948151
2	HLT_Photon90_R9Id90_HE10_Iso40_EBOnly_VBF_v6	OnlineMonitor,SinglePhoton	HIG	0.246628207155	+/-	0.0932167003464	0.17616300511	+/-	0.0787824909095	0.0704652020441	+/-	0.0498264222031
1840	HLT_HT325_v3	OnlineMonitor,DisplacedJet	EXO	0.000497851970964	+/-	0.000138079292992	0.000229777832753	+/-	9.38064074078e-05	0.000268074138211	+/-	0.000101322500376
1	HLT_Photon600_v5	OnlineMonitor,ExpressPhysics,SinglePhoton	PPD	0.0	+/-	0.0	0.0	+/-	0.0	0.0	+/-	0.0
0	HLT_Mu15_IsoVVVL_PFHT350_v5	OnlineMonitor,SingleMuon	SUS	0.0	+/-	0.0	0.0	+/-	0.0	0.0	+/-	0.0
100	HLT_L2Mu10_NoVertex_NoBPTX3BX_v2	OnlineMonitor,NoBPTX	EXO	0.00211395606132	+/-	0.00122049310106	0.00140930404088	+/-	0.000996528444062	0.000704652020441	+/-	0.000704652020441
1	HLT_VBF_DisplacedJet40_VTightID_DisplacedTrack_v3	OnlineMonitor,DisplacedJet	EXO	0.704652020441	+/-	0.222830534243	0.352326010221	+/-	0.157564981819	0.352326010221	+/-	0.157564981819
1	HLT_Mu23_TrkIsoVVL_Ele12_CaloIdL_TrackIdL_IsoVL_DZ_v1	OnlineMonitor,MuonEG	HIG	0.986512828618	+/-	0.263656643739	0.281860808177	+/-	0.140930404088	0.704652020441	+/-	0.222830534243
1	HLT_VBF_DisplacedJet40_VVTightID_Hadronic_v3	OnlineMonitor,DisplacedJet	EXO	2.32535166746	+/-	0.404791767544	1.19790843475	+/-	0.290535470959	1.12744323271	+/-	0.281860808177
3	HLT_Mu17_TrkIsoVVL_v3	OnlineMonitor,DoubleMuon	MUO,SUS	0.469768013628	+/-	0.105043321213	0.140930404088	+/-	0.0575345965434	0.328837609539	+/-	0.087885547913
478	HLT_Photon26_R9Id85_OR_CaloId24b40e_Iso50T80L_Photon16_AND_HE10_R9Id65_Eta2_Mass60_v7	OnlineMonitor,DoubleEG	EXO long	0.000589666962713	+/-	0.000294833481356	0.000294833481356	+/-	0.000208478753988	0.000294833481356	+/-	0.000208478753988
0	HLT_Dimuon16_Jpsi_v4	OnlineMonitor,Charmonium	BPH	0.0	+/-	0.0	0.0	+/-	0.0	0.0	+/-	0.0
0	HLT_IsoMu17_eta2p1_LooseIsoPFTau20_v6	OnlineMonitor,SingleMuon	TAU,HIG	0.0	+/-	0.0	0.0	+/-	0.0	0.0	+/-	0.0
1	HLT_L1FatEvents_part0_v1	HLTPhysics0	null	11082.6260471	+/-	27.9452944803	5425.04544018	+/-	19.5519033099	5657.58060692	+/-	19.9665360177
52	HLT_Mu17_Mu8_v3	OnlineMonitor,DoubleMuon	MUO	0.0230367006683	+/-	0.00558722059536	0.0121959003538	+/-	0.00406530011793	0.0108408003145	+/-	0.00383280170793
0	HLT_HT410to430_v3	OnlineMonitor,ParkingHT410to430,ParkingScoutingMonitor	EXO	0.0	+/-	0.0	0.0	+/-	0.0	0.0	+/-	0.0
0	HLT_IsoMu18_v3	OnlineMonitor,SingleMuon	SMP,Top,Higgs ,MUO	0.0	+/-	0.0	0.0	+/-	0.0	0.0	+/-	0.0
1	HLT_IsoMu16_eta2p1_MET30_LooseIsoPFTau50_Trk30_eta2p1_v3	OnlineMonitor,SingleMuon	HIG,TAU. EXO	3.73465570834	+/-	0.512994414252	1.55023444497	+/-	0.330511094187	2.18442126337	+/-	0.392333640761
1	HLT_Mu15_IsoVVVL_PFHT400_v3	OnlineMonitor,SingleMuon	SUS	6.0600073758	+/-	0.653467400965	2.53674727359	+/-	0.422791212265	3.52326010221	+/-	0.498264222031
1280	HLT_PFHT300_v5	OnlineMonitor,JetHT	SUS	0.00143132441652	+/-	0.000280705812697	0.000770713147358	+/-	0.000205981752921	0.000660611269164	+/-	0.000190702047041
2	HLT_LooseIsoPFTau50_Trk30_eta2p1_v5	OnlineMonitor,Tau	HIG,TAU,EXO	0.458023813287	+/-	0.127032949553	0.211395606132	+/-	0.0863018948151	0.246628207155	+/-	0.0932167003464
3	HLT_Mu7p5_Track3p5_Upsilon_v3	OnlineMonitor,MuOnia	BPH	0.0234884006814	+/-	0.0234884006814	0.0	+/-	0.0	0.0234884006814	+/-	0.0234884006814
39	HLT_Mu23NoFiltersNoVtx_Photon23_CaloIdL_v5	OnlineMonitor,MuonEG	EXO	0.0108408003145	+/-	0.00442573819565	0.00542040015724	+/-	0.0031294694899	0.00542040015724	+/-	0.0031294694899
1	HLT_AK8PFJet500_v3	OnlineMonitor,JetHT	SMP	7.1874506085	+/-	0.711663656028	3.31186449608	+/-	0.483085086562	3.87558611243	+/-	0.522583924793
1	HLT_PFHT200_v4	OnlineMonitor,JetHT	SUS	1.12744323271	+/-	0.281860808177	0.281860808177	+/-	0.140930404088	0.84558242453	+/-	0.244098620212
52	HLT_DoubleMu18NoFiltersNoVtx_v3	OnlineMonitor,DoubleMuon	EXO	0.00677550019655	+/-	0.00303009580421	0.00542040015724	+/-	0.00271020007862	0.00135510003931	+/-	0.00135510003931
10	HLT_AK8PFJet400_v3	OnlineMonitor,JetHT	SMP	0.274814287972	+/-	0.0440055045722	0.147976924293	+/-	0.0322912122228	0.126837363679	+/-	0.0298958533219
0	HLT_QuadPFJet_BTagCSV_p016_p11_VBF_Mqq200_v3	OnlineMonitor,HLTMonitor,BTagCSV	HIG ,Hbb	0.0	+/-	0.0	0.0	+/-	0.0	0.0	+/-	0.0
